hosting_id,accessibility_raw
2992450,email
2992450,phone
3820211,email
3820211,phone
5651579,email
5651579,phone
5651579,work_email
6623339,email
6623339,phone
9005989,email
9005989,phone
9501054,email
9501054,phone
9501054,work_email
10768745,email
10768745,phone
11253948,email
11253948,phone
11639446,email
11639446,phone
12799126,email
12799126,phone
13083497,email
13083497,phone
14316232,email
14316232,phone
14989805,email
14989805,phone
15580397,email
15580397,phone
16531782,email
16531782,phone
17238066,email
17238066,phone
17514620,email
17514620,phone
18341426,email
18341426,phone
19527043,email
19527043,phone
19527043,work_email
19822913,phone
20519885,email
20519885,phone
20620135,email
20620135,phone
20633175,email
20633175,phone
20633175,work_email
20671966,email
20671966,phone
20671966,work_email
21052414,phone
21392315,email
21392315,phone
21392315,work_email
21449583,email
21449583,phone
21752534,email
21752534,phone
21769213,phone
21769439,phone
22398196,email
22398196,phone
22398196,work_email
24606880,email
24606880,phone
24606880,work_email
25549565,email
25549565,phone
26139592,email
26139592,phone
27670660,email
27670660,phone
27670660,work_email
27692601,email
27692601,phone
28341274,email
28341274,phone
28400263,email
28400263,phone
28400263,work_email
28722270,email
28722270,phone
28868857,email
28868857,phone
28929840,email
28929840,phone
29605579,email
29605579,phone
30189794,email
30189794,phone
30189794,work_email
31210362,email
31210362,phone
32279028,email
32279028,phone
32450400,email
32450400,phone
32993402,email
32993402,phone
33558235,email
33558235,phone
34330970,phone
35793179,email
35793179,phone
35793179,work_email
35914565,phone
36443605,email
36443605,phone
38321579,email
38321579,phone
39093517,email
39093517,phone
39093517,work_email
39698576,email
39698576,phone
40491172,email
40491172,phone
40828178,email
40828178,phone
41319631,email
41319631,phone
41319631,work_email
42009788,email
42009788,phone
42391372,email
42391372,phone
42567833,email
42567833,phone
42689068,phone
42763847,email
42763847,phone
43208391,email
43208391,phone
43459803,email
43459803,phone
43459803,work_email
43736299,email
43736299,phone
43955950,phone
44180048,email
44180048,phone
44265426,email
44265426,phone
44450012,email
44450012,phone
45024912,email
45024912,phone
45074220,email
45074220,phone
45313545,email
45313545,phone
45528939,email
45528939,phone
45529316,email
45529316,phone
45529447,email
45529447,phone
46894493,email
46894493,phone
47334913,email
47334913,phone
47345872,email
47345872,phone
47408047,email
47408047,phone
47440071,email
47440071,phone
47828453,email
47828453,phone
47828453,work_email
47902629,email
47902629,phone
47943571,email
47943571,phone
48052353,email
48052353,phone
48124042,email
48124042,phone
48172884,email
48172884,phone
48172884,work_email
48470454,email
48470454,phone
48599533,email
48599533,phone
50171851,email
50171851,phone
50207226,email
50207226,phone
50211226,email
50211226,phone
50354540,email
50354540,phone
50890336,email
50890336,phone
51230498,email
51230498,phone
51461480,email
51461480,phone
51503537,email
51503537,phone
51579900,email
51579900,phone
51592836,email
51592836,phone
51592836,work_email
51710034,email
51710034,phone
52152157,email
52152157,phone
52241973,email
52241973,phone
52360097,email
52360097,phone
52611613,phone
52619545,phone
52691284,phone
52836323,phone
52837196,email
52837196,phone
52863776,email
52863776,phone
53312101,phone
53483727,email
53483727,phone
53567589,email
53567589,phone
53645427,email
53645427,phone
53860077,email
53860077,phone
53971505,email
53971505,phone
53971505,work_email
54097694,email
54097694,phone
54126420,email
54126420,phone
54126421,email
54126421,phone
54126427,email
54126427,phone
54128829,email
54128829,phone
54150131,email
54150131,phone
54369238,email
54369238,phone
54369240,email
54369240,phone
559249822516788574,email
559249822516788574,phone
581057744765912905,email
581057744765912905,phone
588298411730694861,email
588298411730694861,phone
593272120497643087,email
593272120497643087,phone
617242073954595468,email
617242073954595468,phone
619695112394148331,email
619695112394148331,phone
621960198566758900,email
621960198566758900,phone
628163387057233327,email
628163387057233327,phone
628824127129967353,email
628824127129967353,phone
631035244220396236,email
631035244220396236,phone
634108143238179968,email
634108143238179968,phone
634108143238179968,work_email
638900897313146306,email
638900897313146306,phone
649973892551492641,email
649973892551492641,phone
658638185191740358,email
658638185191740358,phone
662132809952482192,email
662132809952482192,phone
667644674529935702,email
667644674529935702,phone
668608096674070882,email
668608096674070882,phone
668608486588067880,email
668608486588067880,phone
677623197606854496,email
677623197606854496,phone
681952268271889535,email
681952268271889535,phone
687496906843024117,email
687496906843024117,phone
689719338468663432,email
689719338468663432,phone
692807914756117019,email
692807914756117019,phone
692807914756117019,work_email
702275918734167701,email
702275918734167701,phone
703551649845095095,email
703551649845095095,phone
704544922160063127,email
704544922160063127,phone
705660262559003663,email
705660262559003663,phone
717373135846408345,phone
723956857052424266,email
723956857052424266,phone
724566770267420045,phone
733964865705013296,email
733964865705013296,phone
735879623743921266,email
735879623743921266,phone
737574278276037589,phone
739722503092755616,email
739722503092755616,phone
739722503092755616,work_email
743600140734706394,email
743600140734706394,phone
744430701454304507,email
744430701454304507,phone
744430701454304507,work_email
751421033442627559,email
751421033442627559,phone
756752556396798800,email
756752556396798800,phone
757342235277207834,email
757342235277207834,phone
757978037279611051,phone
761141715827746314,email
761141715827746314,phone
764508866835218670,email
764508866835218670,phone
774701102203414342,email
774701102203414342,phone
784781397995494758,email
784781397995494758,phone
786181179052991690,email
786181179052991690,phone
786196811078165173,phone
786228331433922432,email
786228331433922432,phone
786316043239579100,email
786316043239579100,phone
787023821243442039,email
787023821243442039,phone
794723189688979530,email
794723189688979530,phone
795541666227926706,email
795541666227926706,phone
796231143904004713,email
796231143904004713,phone
797455132224782470,email
797455132224782470,phone
802216634798169031,email
802216634798169031,phone
803604897479679272,email
803604897479679272,phone
803682039097862541,email
803682039097862541,phone
803814397190632412,email
803814397190632412,phone
803867986023966300,email
803867986023966300,phone
806767523952124375,email
806767523952124375,phone
809524698302742033,email
809524698302742033,phone
809524698302742033,work_email
813640070361665090,email
813640070361665090,phone
813640070361665090,work_email
816085193659797849,email
816085193659797849,phone
821566342267452838,email
821566342267452838,phone
823275570359807298,email
823275570359807298,phone
826301775871257033,email
826301775871257033,phone
831122937768017113,email
831122937768017113,phone
841524382518312215,email
841524382518312215,phone
841524433909352403,email
841524433909352403,phone
843481456379840308,email
843481456379840308,phone
845960193409947556,email
845960193409947556,phone
846586211673806912,email
846586211673806912,phone
850173470105833039,email
850173470105833039,phone
850173470105833039,work_email
850653820133738660,email
850653820133738660,phone
857981934159027424,email
857981934159027424,phone
857981934159027424,work_email
870457209918967324,email
870457209918967324,phone
881231954286264195,email
881231954286264195,phone
882229561343619620,email
882229561343619620,phone
887167811237271928,phone
887179061681202083,phone
888859204851381094,email
888859204851381094,phone
898743867240851780,email
898743867240851780,phone
902166216060824525,email
902166216060824525,phone
902326803627859755,email
902326803627859755,phone
904392960639597224,email
904392960639597224,phone
905007131419044966,email
905007131419044966,phone
916983723755256572,email
916983723755256572,phone
917510613914219375,email
917510613914219375,phone
919055506310955442,phone
921076441920995839,email
921076441920995839,phone
928948908785846870,email
928948908785846870,phone
932618854176539492,phone
932642358896439621,phone
934035097653060273,email
934035097653060273,phone
937837897631191844,email
937837897631191844,phone
937838302933205871,email
937838302933205871,phone
937917144482762419,email
937917144482762419,phone
937927979762952955,email
937927979762952955,phone
937935210290408974,email
937935210290408974,phone
937943638262956751,email
937943638262956751,phone
937959604296602771,email
937959604296602771,phone
937966967490420635,email
937966967490420635,phone
938260134617291567,email
938260134617291567,phone
938266199766701429,email
938266199766701429,phone
938271786418327576,email
938271786418327576,phone
938280419686165005,email
938280419686165005,phone
938421117122010799,email
938421117122010799,phone
938421117122010799,work_email
938431811499141903,email
938431811499141903,phone
938431811499141903,work_email
942750363293463100,email
942750363293463100,phone
942750363293463100,work_email
950211425725610511,email
950211425725610511,phone
950613505102507073,phone
958199983873241221,email
958199983873241221,phone
963920695464462572,email
963920695464462572,phone
965313684808466476,email
965313684808466476,phone
966287799980701967,email
966287799980701967,phone
969886763377526954,email
969886763377526954,phone
980034348801186320,email
980034348801186320,phone
983306819910081094,email
983306819910081094,phone
983306819910081094,work_email
989010058281318863,email
989010058281318863,phone
990935487146379699,email
990935487146379699,phone
992119832780871644,email
992119832780871644,phone
992554549672159765,email
992554549672159765,phone
993431459821117738,email
993431459821117738,phone
999161887055542119,email
999161887055542119,phone
1004978540001566331,email
1004978540001566331,phone
1005978346817864540,email
1005978346817864540,phone
1007354086435981132,phone
1010759793485911351,email
1010759793485911351,phone
1010759799610182054,email
1010759799610182054,phone
1010760496997974537,email
1010760496997974537,phone
1012862218478447339,email
1012862218478447339,phone
1013659440189111738,email
1013659440189111738,phone
1014739415604882278,email
1014739415604882278,phone
1015385216942267174,email
1015385216942267174,phone
1016050146219474145,email
1016050146219474145,phone
1018295677909928470,email
1018295677909928470,phone
1018299533220989494,email
1018299533220989494,phone
1018972187574908115,email
1018972187574908115,phone
1020518500251473070,email
1020518500251473070,phone
1020993107237604444,email
1020993107237604444,phone
1021011347006185640,email
1021011347006185640,phone
1034722814589239236,email
1034722814589239236,phone
1043565517982254841,email
1043565517982254841,phone
1052381112116173923,email
1052381112116173923,phone
1056469473906808728,email
1056469473906808728,phone
1061814091773376272,email
1061814091773376272,phone
1062527013885315764,email
1062527013885315764,phone
1075444056381274297,email
1075444056381274297,phone
1079742757364810916,email
1079742757364810916,phone
1079742757364810916,work_email
1091500387329731524,phone
1097201673425863720,phone
1097995825442731795,phone
1100876731732967826,email
1100876731732967826,phone
1102984130027939637,email
1102984130027939637,phone
1104977057298366617,email
1104977057298366617,phone
1105303461851883481,email
1105303461851883481,phone
1108060100336766656,email
1108060100336766656,phone
1111221935683053416,email
1111221935683053416,phone
1119691401020641385,email
1119691401020641385,phone
1120212616553191970,email
1120212616553191970,phone
1123231471304541808,email
1123231471304541808,phone
1124558577325015506,email
1124558577325015506,phone
1124632058968031818,email
1124632058968031818,phone
1128332989288304495,email
1128332989288304495,phone
1128386510439836615,email
1128386510439836615,phone
1131258472427093335,email
1131258472427093335,phone
1134940445251354534,email
1134940445251354534,phone
1135812630237897119,phone
1136433500940918827,email
1136433500940918827,phone
1141525488442370659,phone
1142828940864329671,phone
1142832011692120213,email
1142832011692120213,phone
1146241260871564965,email
1146241260871564965,phone
1146352622413555849,email
1146352622413555849,phone
1146352622413555849,work_email
1147092019793504034,email
1147092019793504034,phone
1150611568915810847,email
1150611568915810847,phone
1158059552251999833,email
1158059552251999833,phone
1158239701426064904,email
1158239701426064904,phone
1164651175585600815,email
1164651175585600815,phone
1171795874799450911,phone
1173390858101803102,phone
1174544643387116469,email
1174544643387116469,phone
1182574461437954732,email
1182574461437954732,phone
1183457852972127594,email
1183457852972127594,phone
1183460523409924571,email
1183460523409924571,phone
1185537980724624711,email
1185537980724624711,phone
1185591493744586895,email
1185591493744586895,phone
1187591175698501325,phone
1189245100874558445,email
1189245100874558445,phone
1189249179392132534,email
1189249179392132534,phone
1191895319439613036,email
1191895319439613036,phone
1196459023545165129,email
1196459023545165129,phone
1198592120169206200,email
1198592120169206200,phone
1208695175897245796,email
1208695175897245796,phone
1209313814437527365,email
1209313814437527365,phone
1210875317904799284,email
1210875317904799284,phone
1223845635352908531,email
1223845635352908531,phone
1223845635352908531,work_email
1224184445857718550,phone
1227494196390230149,email
1227494196390230149,phone
1229287611382413342,phone
1229302903741056027,phone
1230257693323535013,email
1230257693323535013,phone
1233366548908684664,email
1233366548908684664,phone
1234376912864523021,email
1234376912864523021,phone
1237963668912797614,email
1237963668912797614,phone
1242227342075722524,phone
1246452851774715158,email
1246452851774715158,phone
1252203595666312568,email
1252203595666312568,phone
1252255960109808438,email
1252255960109808438,phone
1252258297385952172,email
1252258297385952172,phone
1252301211909514289,email
1252301211909514289,phone
1256391301639690602,email
1256391301639690602,phone
1256498995571429533,email
1256498995571429533,phone
1264531987910224088,email
1264531987910224088,phone
1265342374507338537,email
1265342374507338537,phone
1266676779473584420,email
1266676779473584420,phone
1268205616603776750,email
1268205616603776750,phone
1269145433396830936,email
1269145433396830936,phone
1273861365984558378,email
1273861365984558378,phone
1274613024891750632,email
1274613024891750632,phone
1277717926531215616,email
1277717926531215616,phone
1279781671588026640,phone
1284151940120079993,email
1284151940120079993,phone
1284983740417509877,email
1284983740417509877,phone
1288603783171108127,email
1288603783171108127,phone
1288603840617378795,email
1288603840617378795,phone
1288603902798375521,email
1288603902798375521,phone
1288604046621507922,email
1288604046621507922,phone
1288604092723663347,email
1288604092723663347,phone
1289084606313003203,email
1289084606313003203,phone
1291321613053647042,phone
1292881870228693830,email
1292881870228693830,phone
1294330125585979004,email
1294330125585979004,phone
1295804289767410494,email
1295804289767410494,phone
1296651761769034648,email
1296651761769034648,phone
1296756366433115082,email
1296756366433115082,phone
1298067362380112500,email
1298067362380112500,phone
1298625208863760034,email
1298625208863760034,phone
1308084493028885153,email
1308084493028885153,phone
1308111521841678866,email
1308111521841678866,phone
1310170283925918533,email
1310170283925918533,phone
1319619558594743733,email
1319619558594743733,phone
1319649416178819713,email
1319649416178819713,phone
1325491259534107672,email
1325491259534107672,phone
1328247359330291677,email
1328247359330291677,phone
1328401906195927790,email
1328401906195927790,phone
1329355205441244604,email
1329355205441244604,phone
1334238579190312184,email
1334238579190312184,phone
1346801758960246004,email
1346801758960246004,phone
1346801758960246004,work_email
1350831900774924999,email
1350831900774924999,phone
1350872245042831459,email
1350872245042831459,phone
1358581858384454275,email
1358581858384454275,phone
1363867065584533091,email
1363867065584533091,phone
1365428503448527322,email
1365428503448527322,phone
1366933239765507591,email
1366933239765507591,phone
1369127908322228929,email
1369127908322228929,phone
1369768924474303403,email
1369768924474303403,phone
1371626040166892504,email
1371626040166892504,phone
1371829070623409671,email
1371829070623409671,phone
1374747174653747946,email
1374747174653747946,phone
1375007693720508441,email
1375007693720508441,phone
1376989617162173438,email
1376989617162173438,phone
1377446918025263146,email
1377446918025263146,phone
1377471842094741150,email
1377471842094741150,phone
1377480167938312156,email
1377480167938312156,phone
1379906377578749938,email
1379906377578749938,phone
1380555997747082021,phone
1381163571420241600,phone
1383513241348424944,email
1383513241348424944,phone
1383910626115273822,email
1383910626115273822,phone
1390171272060324410,email
1390171272060324410,phone
1393472438317281309,phone
1393482542585537728,phone
1393489507693048211,phone
1393634713342137582,phone
1393634936904017469,email
1393634936904017469,phone
1393638070589049592,phone
1395671676833912969,email
1395671676833912969,phone
1395671676833912969,work_email
1396921235971014566,email
1396921235971014566,phone
1402461183704514588,email
1402461183704514588,phone
1405327220192978468,email
1405327220192978468,phone
1405768102601327206,email
1405768102601327206,phone
1409646921435856252,email
1409646921435856252,phone
1414503206938039174,email
1414503206938039174,phone
1415956224087762543,email
1415956224087762543,phone
1417686058428307591,email
1417686058428307591,phone
1419803505997334256,email
1419803505997334256,phone
1429997390383679972,email
1429997390383679972,phone
1430417055174000914,email
1430417055174000914,phone
1432721201430838386,email
1432721201430838386,phone
1432823196473666155,email
1432823196473666155,phone
1434108183586713709,phone
1434112653259573474,phone
1435590570769303352,phone
1435797229942642808,email
1435797229942642808,phone
1439472202376740681,email
1439472202376740681,phone
1441615290727481693,email
1441615290727481693,phone
1447202556849361134,email
1447202556849361134,phone
1448501719166920474,email
1448501719166920474,phone
1450136720901316807,email
1450136720901316807,phone
1450156329560932974,email
1450156329560932974,phone
1453492870365548802,email
1453492870365548802,phone
1453492932761928507,email
1453492932761928507,phone
1453493003584640545,email
1453493003584640545,phone
1453613438210134104,email
1453613438210134104,phone
1454413975547667690,phone
1454415655361201543,phone
1454417108090792705,phone
1454418356838968327,phone
1455799924350084157,email
1455799924350084157,phone
1456068648939807762,email
1456068648939807762,phone
1459126168828019962,email
1459126168828019962,phone
1459126168828019962,work_email
1459718314728545998,email
1459718314728545998,phone
1462505515338851900,email
1462505515338851900,phone
1464782804892875821,email
1464782804892875821,phone
1465797274904716360,email
1465797274904716360,phone
1468113967156529966,phone
1468116522806636814,phone
1468119019136340688,phone
1468802371483451790,phone
1470493488040078187,email
1470493488040078187,phone
1472122509160785254,email
1472122509160785254,phone
1473485941065182946,email
1473485941065182946,phone
1473500943932986440,email
1473500943932986440,phone
1473509751949424528,email
1473509751949424528,phone
1476084665532782592,email
1476084665532782592,phone
1476780998285613744,phone
1477111453930200793,email
1477111453930200793,phone
1477115953609986339,email
1477115953609986339,phone
1477468172276783780,email
1477468172276783780,phone
1479180592963909643,email
1479180592963909643,phone
1479696659954496070,email
1479696659954496070,phone
1481862654824444067,phone
1481865863422349835,phone
1481869272871304149,phone
1482199242377376639,phone
1484941170076843642,phone
1485723149961736573,phone
1485726503410193437,phone
1486971933919777260,email
1486971933919777260,phone
1498161268794053659,email
1498161268794053659,phone
1498884258657376096,phone
1503537470526077849,email
1503537470526077849,phone
