PLACE_ID,STREET,CITY,COUNTRY,LATITUD,LONGITUD
Broadway_Schenectady_USA,Broadway,Schenectady,USA,41.634891,-72.03743
Broadway_Albany_USA,Broadway,Albany,USA,42.761657,-73.871346
LarkSt_Troy_USA,Lark St,Troy,USA,44.452854,-74.227608
JaySt_Albany_USA,Jay St,Albany,USA,42.63249,-73.841142
StateSt_Troy_USA,State St,Troy,USA,41.865115,-71.76577
LarkSt_Albany_USA,Lark St,Albany,USA,42.607003,-73.738457
Broadway_Troy_USA,Broadway,Troy,USA,44.782705,-74.349229
SouthSt_Albany_USA,South St,Albany,USA,42.699986,-73.792053
ParkAve_Troy_USA,Park Ave,Troy,USA,42.636505,-71.372353
MadisonAve_Albany_USA,Madison Ave,Albany,USA,42.641657,-73.731287
StateSt_Albany_USA,State St,Albany,USA,42.729325,-73.788435
HudsonAve_Albany_USA,Hudson Ave,Albany,USA,42.745232,-73.700592
DelawareAve_Albany_USA,Delaware Ave,Albany,USA,42.752717,-73.777265
PearlSt_Albany_USA,Pearl St,Albany,USA,42.753647,-73.721537
PearlSt_Albany_USA,Pearl St,Albany,USA,42.744954,-73.865829
JaySt_Troy_USA,Jay St,Troy,USA,44.620845,-74.59564
MadisonAve_Albany_USA,Madison Ave,Albany,USA,42.674807,-73.743109
LarkSt_Schenectady_USA,Lark St,Schenectady,USA,42.963866,-74.23383
MadisonAve_Albany_USA,Madison Ave,Albany,USA,42.770024,-73.761754
SouthSt_Albany_USA,South St,Albany,USA,42.791658,-73.815342
PearlSt_Troy_USA,Pearl St,Troy,USA,42.729745,-73.39927
SouthSt_Troy_USA,South St,Troy,USA,41.34647,-73.388836
DelawareAve_Troy_USA,Delaware Ave,Troy,USA,42.686955,-74.510781
WashingtonAve_Troy_USA,Washington Ave,Troy,USA,41.392318,-72.249783
Broadway_Schenectady_USA,Broadway,Schenectady,USA,40.45322,-73.289744
WashingtonAve_Albany_USA,Washington Ave,Albany,USA,42.676471,-73.712695
TenBroeckSt_Schenectady_USA,Ten Broeck St,Schenectady,USA,44.633975,-70.722398
SouthSt_Troy_USA,South St,Troy,USA,41.765327,-73.619474
NorthSt_Albany_USA,North St,Albany,USA,42.714891,-73.849801
DelawareAve_Schenectady_USA,Delaware Ave,Schenectady,USA,41.23361,-74.737831
DelawareAve_Albany_USA,Delaware Ave,Albany,USA,42.620737,-73.81763
JaySt_Troy_USA,Jay St,Troy,USA,42.153232,-71.812028
TenBroeckSt_Albany_USA,Ten Broeck St,Albany,USA,42.714175,-73.789809
JaySt_Albany_USA,Jay St,Albany,USA,42.706175,-73.712888
LarkSt_Schenectady_USA,Lark St,Schenectady,USA,44.295098,-72.549074
PearlSt_Albany_USA,Pearl St,Albany,USA,42.784234,-73.766645
ClintonAve_Albany_USA,Clinton Ave,Albany,USA,42.664965,-73.868271
CentralAve_Albany_USA,Central Ave,Albany,USA,42.643383,-73.83601
JaySt_Albany_USA,Jay St,Albany,USA,42.765045,-73.891932
CentralAve_Schenectady_USA,Central Ave,Schenectady,USA,42.649392,-74.439481
WesternAve_Albany_USA,Western Ave,Albany,USA,42.602003,-73.839402
ParkAve_Troy_USA,Park Ave,Troy,USA,44.258503,-73.525688
JaySt_Schenectady_USA,Jay St,Schenectady,USA,42.830952,-70.270507
ClintonAve_Troy_USA,Clinton Ave,Troy,USA,44.134176,-70.802476
PearlSt_Troy_USA,Pearl St,Troy,USA,43.730118,-70.433892
MadisonAve_Albany_USA,Madison Ave,Albany,USA,42.687903,-73.802658
MadisonAve_Albany_USA,Madison Ave,Albany,USA,42.666175,-73.771531
NorthSt_Albany_USA,North St,Albany,USA,42.724642,-73.890525
PearlSt_Troy_USA,Pearl St,Troy,USA,43.096696,-74.604738
ParkAve_Albany_USA,Park Ave,Albany,USA,42.717772,-73.782313
HudsonAve_Albany_USA,Hudson Ave,Albany,USA,42.645962,-73.773377
StateSt_Albany_USA,State St,Albany,USA,42.658947,-73.840492
Broadway_Troy_USA,Broadway,Troy,USA,41.595598,-70.806639
LarkSt_Albany_USA,Lark St,Albany,USA,42.673511,-73.775555
ParkAve_Troy_USA,Park Ave,Troy,USA,41.311976,-72.477795
PearlSt_Troy_USA,Pearl St,Troy,USA,43.818497,-72.053691
WesternAve_Albany_USA,Western Ave,Albany,USA,42.743913,-73.740332
PearlSt_Albany_USA,Pearl St,Albany,USA,42.698233,-73.868555
LarkSt_Albany_USA,Lark St,Albany,USA,42.661023,-73.854201
LarkSt_Schenectady_USA,Lark St,Schenectady,USA,40.346238,-71.130085
ClintonAve_Troy_USA,Clinton Ave,Troy,USA,44.652185,-70.229278
ParkAve_Troy_USA,Park Ave,Troy,USA,41.101791,-71.838353
WashingtonAve_Troy_USA,Washington Ave,Troy,USA,42.013968,-73.015491
StateSt_Albany_USA,State St,Albany,USA,42.686909,-73.821818
ParkAve_Albany_USA,Park Ave,Albany,USA,42.649656,-73.832636
StateSt_Albany_USA,State St,Albany,USA,42.708922,-73.708137
Broadway_Albany_USA,Broadway,Albany,USA,42.797229,-73.757391
StateSt_Albany_USA,State St,Albany,USA,42.73142,-73.872293
CentralAve_Albany_USA,Central Ave,Albany,USA,42.79847,-73.85509
NorthSt_Schenectady_USA,North St,Schenectady,USA,44.867409,-73.868302
HudsonAve_Schenectady_USA,Hudson Ave,Schenectady,USA,44.356218,-74.274357
Broadway_Albany_USA,Broadway,Albany,USA,42.666917,-73.855041
Broadway_Albany_USA,Broadway,Albany,USA,42.654841,-73.86461
StateSt_Troy_USA,State St,Troy,USA,43.967339,-70.20903
WesternAve_Albany_USA,Western Ave,Albany,USA,42.707881,-73.8469
ParkAve_Albany_USA,Park Ave,Albany,USA,42.669984,-73.756916
DelawareAve_Schenectady_USA,Delaware Ave,Schenectady,USA,41.71428,-73.116133
DelawareAve_Schenectady_USA,Delaware Ave,Schenectady,USA,43.141921,-73.256379
LarkSt_Albany_USA,Lark St,Albany,USA,42.748577,-73.76293
SouthSt_Albany_USA,South St,Albany,USA,42.776724,-73.882142
NorthSt_Albany_USA,North St,Albany,USA,42.767754,-73.729457
ClintonAve_Albany_USA,Clinton Ave,Albany,USA,42.670611,-73.874752
DelawareAve_Albany_USA,Delaware Ave,Albany,USA,42.635841,-73.757768
SouthSt_Albany_USA,South St,Albany,USA,42.626314,-73.899624
HudsonAve_Albany_USA,Hudson Ave,Albany,USA,42.693235,-73.754857
ParkAve_Albany_USA,Park Ave,Albany,USA,42.785877,-73.735716
CentralAve_Schenectady_USA,Central Ave,Schenectady,USA,42.157882,-74.45094
WashingtonAve_Schenectady_USA,Washington Ave,Schenectady,USA,43.332489,-73.882324
StateSt_Troy_USA,State St,Troy,USA,42.566012,-74.846136
PearlSt_Albany_USA,Pearl St,Albany,USA,42.691335,-73.703821
LarkSt_Troy_USA,Lark St,Troy,USA,41.093602,-72.662764
SouthSt_Schenectady_USA,South St,Schenectady,USA,42.373789,-74.337318
NorthSt_Albany_USA,North St,Albany,USA,42.636097,-73.707019
LarkSt_Troy_USA,Lark St,Troy,USA,42.467803,-72.428833
JaySt_Albany_USA,Jay St,Albany,USA,42.726427,-73.76437
MadisonAve_Albany_USA,Madison Ave,Albany,USA,42.740777,-73.788835
DelawareAve_Troy_USA,Delaware Ave,Troy,USA,42.928259,-71.769533
WesternAve_Schenectady_USA,Western Ave,Schenectady,USA,44.631748,-71.174415
HudsonAve_Albany_USA,Hudson Ave,Albany,USA,42.611788,-73.721094
TenBroeckSt_Albany_USA,Ten Broeck St,Albany,USA,42.697798,-73.842996
TenBroeckSt_Troy_USA,Ten Broeck St,Troy,USA,43.295585,-71.034356
JaySt_Schenectady_USA,Jay St,Schenectady,USA,42.258726,-71.51537
NorthSt_Albany_USA,North St,Albany,USA,42.686163,-73.763916
WesternAve_Albany_USA,Western Ave,Albany,USA,42.786606,-73.775973
JaySt_Albany_USA,Jay St,Albany,USA,42.725025,-73.835632
Broadway_Albany_USA,Broadway,Albany,USA,42.603425,-73.840953
ClintonAve_Troy_USA,Clinton Ave,Troy,USA,41.628029,-70.560954
StateSt_Albany_USA,State St,Albany,USA,42.724945,-73.837947
PearlSt_Troy_USA,Pearl St,Troy,USA,40.375177,-71.791578
NorthSt_Albany_USA,North St,Albany,USA,42.764691,-73.79682
WesternAve_Albany_USA,Western Ave,Albany,USA,42.627378,-73.894117
NorthSt_Troy_USA,North St,Troy,USA,42.338352,-71.117273
ParkAve_Troy_USA,Park Ave,Troy,USA,44.362087,-71.918261
ParkAve_Albany_USA,Park Ave,Albany,USA,42.781712,-73.818636
DelawareAve_Schenectady_USA,Delaware Ave,Schenectady,USA,42.017689,-72.092429
CentralAve_Schenectady_USA,Central Ave,Schenectady,USA,40.216267,-73.503324
PearlSt_Troy_USA,Pearl St,Troy,USA,42.101702,-74.643981
ParkAve_Albany_USA,Park Ave,Albany,USA,42.618638,-73.779556
PearlSt_Troy_USA,Pearl St,Troy,USA,41.966261,-70.525428
SouthSt_Schenectady_USA,South St,Schenectady,USA,42.788793,-72.413787
DelawareAve_Albany_USA,Delaware Ave,Albany,USA,42.798681,-73.700643
WashingtonAve_Troy_USA,Washington Ave,Troy,USA,40.165388,-70.312753
StateSt_Albany_USA,State St,Albany,USA,42.666017,-73.863446
LarkSt_Albany_USA,Lark St,Albany,USA,42.607992,-73.892552
ClintonAve_Schenectady_USA,Clinton Ave,Schenectady,USA,44.102319,-71.398555
DelawareAve_Schenectady_USA,Delaware Ave,Schenectady,USA,44.945468,-73.267893
ParkAve_Schenectady_USA,Park Ave,Schenectady,USA,43.248039,-70.253196
WesternAve_Albany_USA,Western Ave,Albany,USA,42.648478,-73.83413
CentralAve_Schenectady_USA,Central Ave,Schenectady,USA,42.304774,-70.246166
JaySt_Albany_USA,Jay St,Albany,USA,42.783663,-73.83493
ClintonAve_Albany_USA,Clinton Ave,Albany,USA,42.649265,-73.824782
NorthSt_Albany_USA,North St,Albany,USA,42.791197,-73.842227
TenBroeckSt_Albany_USA,Ten Broeck St,Albany,USA,42.743064,-73.72583
NorthSt_Albany_USA,North St,Albany,USA,42.790528,-73.878511
DelawareAve_Schenectady_USA,Delaware Ave,Schenectady,USA,40.816252,-74.519852
WesternAve_Albany_USA,Western Ave,Albany,USA,42.782437,-73.764804
WesternAve_Albany_USA,Western Ave,Albany,USA,42.714793,-73.884416
WashingtonAve_Albany_USA,Washington Ave,Albany,USA,42.705959,-73.877121
DelawareAve_Albany_USA,Delaware Ave,Albany,USA,42.788382,-73.760651
HudsonAve_Albany_USA,Hudson Ave,Albany,USA,42.711832,-73.777652
WesternAve_Schenectady_USA,Western Ave,Schenectady,USA,42.581408,-73.080778
JaySt_Albany_USA,Jay St,Albany,USA,42.613369,-73.889012
Broadway_Albany_USA,Broadway,Albany,USA,42.73265,-73.87356
PearlSt_Albany_USA,Pearl St,Albany,USA,42.769765,-73.754718
WashingtonAve_Albany_USA,Washington Ave,Albany,USA,42.636037,-73.731328
WashingtonAve_Albany_USA,Washington Ave,Albany,USA,42.756356,-73.863167
ParkAve_Schenectady_USA,Park Ave,Schenectady,USA,40.244865,-73.261916
NorthSt_Troy_USA,North St,Troy,USA,41.76347,-71.289415
HudsonAve_Albany_USA,Hudson Ave,Albany,USA,42.665715,-73.746641
TenBroeckSt_Albany_USA,Ten Broeck St,Albany,USA,42.736952,-73.885338
HudsonAve_Troy_USA,Hudson Ave,Troy,USA,42.556214,-73.361804
CentralAve_Albany_USA,Central Ave,Albany,USA,42.619963,-73.782132
ParkAve_Albany_USA,Park Ave,Albany,USA,42.660191,-73.716308
ClintonAve_Troy_USA,Clinton Ave,Troy,USA,41.32428,-71.333828
NorthSt_Schenectady_USA,North St,Schenectady,USA,44.230413,-72.742299
PearlSt_Albany_USA,Pearl St,Albany,USA,42.715683,-73.826204
StateSt_Albany_USA,State St,Albany,USA,42.607194,-73.794039
PearlSt_Albany_USA,Pearl St,Albany,USA,42.758255,-73.860963
LarkSt_Albany_USA,Lark St,Albany,USA,42.796603,-73.898208
WashingtonAve_Troy_USA,Washington Ave,Troy,USA,44.466569,-72.416326
StateSt_Albany_USA,State St,Albany,USA,42.745139,-73.887767
HudsonAve_Albany_USA,Hudson Ave,Albany,USA,42.72444,-73.793196
ClintonAve_Albany_USA,Clinton Ave,Albany,USA,42.638839,-73.712965
HudsonAve_Albany_USA,Hudson Ave,Albany,USA,42.698092,-73.82095
NorthSt_Albany_USA,North St,Albany,USA,42.600052,-73.845479
Broadway_Albany_USA,Broadway,Albany,USA,42.687765,-73.823991
SouthSt_Albany_USA,South St,Albany,USA,42.63337,-73.771656
ParkAve_Troy_USA,Park Ave,Troy,USA,41.635274,-73.740246
JaySt_Albany_USA,Jay St,Albany,USA,42.668538,-73.865295
LarkSt_Troy_USA,Lark St,Troy,USA,44.882742,-72.651102
MadisonAve_Albany_USA,Madison Ave,Albany,USA,42.68701,-73.83611
ClintonAve_Albany_USA,Clinton Ave,Albany,USA,42.659952,-73.794058
DelawareAve_Troy_USA,Delaware Ave,Troy,USA,42.182054,-74.091245
Broadway_Albany_USA,Broadway,Albany,USA,42.767893,-73.899143
JaySt_Troy_USA,Jay St,Troy,USA,40.909613,-70.301972
LarkSt_Albany_USA,Lark St,Albany,USA,42.796414,-73.846309
PearlSt_Troy_USA,Pearl St,Troy,USA,42.417977,-74.212637
TenBroeckSt_Troy_USA,Ten Broeck St,Troy,USA,41.345047,-71.061708
PearlSt_Albany_USA,Pearl St,Albany,USA,42.690625,-73.71541
TenBroeckSt_Albany_USA,Ten Broeck St,Albany,USA,42.737609,-73.713119
CentralAve_Schenectady_USA,Central Ave,Schenectady,USA,41.201769,-71.344543
TenBroeckSt_Troy_USA,Ten Broeck St,Troy,USA,42.100586,-73.580133
SouthSt_Schenectady_USA,South St,Schenectady,USA,43.788024,-70.487829
HudsonAve_Troy_USA,Hudson Ave,Troy,USA,43.631178,-70.069543
PearlSt_Schenectady_USA,Pearl St,Schenectady,USA,42.862174,-74.808733
ParkAve_Albany_USA,Park Ave,Albany,USA,42.68,-73.728964
Broadway_Albany_USA,Broadway,Albany,USA,42.714795,-73.72947
DelawareAve_Schenectady_USA,Delaware Ave,Schenectady,USA,40.077219,-71.380114
DelawareAve_Schenectady_USA,Delaware Ave,Schenectady,USA,41.096399,-71.823177
WashingtonAve_Albany_USA,Washington Ave,Albany,USA,42.692975,-73.850384
ParkAve_Albany_USA,Park Ave,Albany,USA,42.79387,-73.774715
StateSt_Albany_USA,State St,Albany,USA,42.658766,-73.740171
CentralAve_Troy_USA,Central Ave,Troy,USA,43.463258,-70.273247
ClintonAve_Albany_USA,Clinton Ave,Albany,USA,42.714184,-73.891698
ParkAve_Troy_USA,Park Ave,Troy,USA,44.288461,-73.870897
CentralAve_Schenectady_USA,Central Ave,Schenectady,USA,42.983895,-70.258727
StateSt_Albany_USA,State St,Albany,USA,42.602235,-73.855194
JaySt_Albany_USA,Jay St,Albany,USA,42.601654,-73.819572
TenBroeckSt_Albany_USA,Ten Broeck St,Albany,USA,42.748342,-73.897283
LarkSt_Albany_USA,Lark St,Albany,USA,42.695809,-73.87062
SouthSt_Albany_USA,South St,Albany,USA,42.622006,-73.71633
HudsonAve_Albany_USA,Hudson Ave,Albany,USA,42.655802,-73.783842
LarkSt_Schenectady_USA,Lark St,Schenectady,USA,42.38505,-73.730422
PearlSt_Albany_USA,Pearl St,Albany,USA,42.783372,-73.809281
NorthSt_Albany_USA,North St,Albany,USA,42.681525,-73.715744
TenBroeckSt_Schenectady_USA,Ten Broeck St,Schenectady,USA,41.26105,-71.439178
CentralAve_Albany_USA,Central Ave,Albany,USA,42.689135,-73.765383
Broadway_Troy_USA,Broadway,Troy,USA,42.391057,-70.295775
Broadway_Schenectady_USA,Broadway,Schenectady,USA,40.435217,-72.772144
LarkSt_Albany_USA,Lark St,Albany,USA,42.728073,-73.833165
SouthSt_Albany_USA,South St,Albany,USA,42.625519,-73.825291
Broadway_Albany_USA,Broadway,Albany,USA,42.663176,-73.863243
ClintonAve_Albany_USA,Clinton Ave,Albany,USA,42.748924,-73.810301
DelawareAve_Albany_USA,Delaware Ave,Albany,USA,42.713205,-73.77264
SouthSt_Albany_USA,South St,Albany,USA,42.617321,-73.888847
WesternAve_Albany_USA,Western Ave,Albany,USA,42.678672,-73.731461
CentralAve_Albany_USA,Central Ave,Albany,USA,42.739281,-73.726002
WesternAve_Albany_USA,Western Ave,Albany,USA,42.690244,-73.781334
Broadway_Troy_USA,Broadway,Troy,USA,40.416741,-71.930699
NorthSt_Troy_USA,North St,Troy,USA,41.347348,-74.32053
LarkSt_Albany_USA,Lark St,Albany,USA,42.716495,-73.834711
ParkAve_Albany_USA,Park Ave,Albany,USA,42.674898,-73.810359
WesternAve_Albany_USA,Western Ave,Albany,USA,42.673497,-73.773334
ParkAve_Albany_USA,Park Ave,Albany,USA,42.748593,-73.888809
TenBroeckSt_Albany_USA,Ten Broeck St,Albany,USA,42.636321,-73.701367
WashingtonAve_Albany_USA,Washington Ave,Albany,USA,42.623544,-73.735123
Broadway_Schenectady_USA,Broadway,Schenectady,USA,43.324767,-70.363664
NorthSt_Schenectady_USA,North St,Schenectady,USA,44.006066,-71.931004
LarkSt_Schenectady_USA,Lark St,Schenectady,USA,41.105622,-73.157652
CentralAve_Albany_USA,Central Ave,Albany,USA,42.659066,-73.705542
Broadway_Albany_USA,Broadway,Albany,USA,42.795764,-73.748434
DelawareAve_Schenectady_USA,Delaware Ave,Schenectady,USA,42.251069,-73.466158
MadisonAve_Albany_USA,Madison Ave,Albany,USA,42.783423,-73.836265
JaySt_Albany_USA,Jay St,Albany,USA,42.685791,-73.863545
StateSt_Albany_USA,State St,Albany,USA,42.738381,-73.854997
WesternAve_Albany_USA,Western Ave,Albany,USA,42.712751,-73.779628
DelawareAve_Troy_USA,Delaware Ave,Troy,USA,43.108673,-71.684181
PearlSt_Albany_USA,Pearl St,Albany,USA,42.771059,-73.773309
Broadway_Albany_USA,Broadway,Albany,USA,42.776422,-73.747931
HudsonAve_Schenectady_USA,Hudson Ave,Schenectady,USA,41.379685,-71.64575
NorthSt_Albany_USA,North St,Albany,USA,42.606945,-73.827464
TenBroeckSt_Albany_USA,Ten Broeck St,Albany,USA,42.695255,-73.853216
WesternAve_Albany_USA,Western Ave,Albany,USA,42.700706,-73.850194
LarkSt_Albany_USA,Lark St,Albany,USA,42.727094,-73.847058
ParkAve_Troy_USA,Park Ave,Troy,USA,40.223549,-72.680278
DelawareAve_Schenectady_USA,Delaware Ave,Schenectady,USA,41.823428,-70.955596
LarkSt_Albany_USA,Lark St,Albany,USA,42.656242,-73.826956
ClintonAve_Albany_USA,Clinton Ave,Albany,USA,42.680638,-73.840597
HudsonAve_Albany_USA,Hudson Ave,Albany,USA,42.667357,-73.894397
WashingtonAve_Troy_USA,Washington Ave,Troy,USA,40.115393,-70.804741
WesternAve_Schenectady_USA,Western Ave,Schenectady,USA,42.874702,-72.226792
ClintonAve_Albany_USA,Clinton Ave,Albany,USA,42.725376,-73.811422
Broadway_Albany_USA,Broadway,Albany,USA,42.796657,-73.703486
StateSt_Albany_USA,State St,Albany,USA,42.729161,-73.843088
PearlSt_Albany_USA,Pearl St,Albany,USA,42.746291,-73.717112
LarkSt_Troy_USA,Lark St,Troy,USA,43.470604,-71.801902
MadisonAve_Albany_USA,Madison Ave,Albany,USA,42.784091,-73.757961
HudsonAve_Schenectady_USA,Hudson Ave,Schenectady,USA,44.372037,-71.011622
ParkAve_Troy_USA,Park Ave,Troy,USA,42.474108,-72.236543
WesternAve_Albany_USA,Western Ave,Albany,USA,42.604758,-73.758427
PearlSt_Troy_USA,Pearl St,Troy,USA,44.575249,-74.052799
ParkAve_Troy_USA,Park Ave,Troy,USA,44.582142,-70.861596
LarkSt_Schenectady_USA,Lark St,Schenectady,USA,42.213044,-71.529582
ClintonAve_Albany_USA,Clinton Ave,Albany,USA,42.654593,-73.791624
CentralAve_Albany_USA,Central Ave,Albany,USA,42.639581,-73.882875
HudsonAve_Troy_USA,Hudson Ave,Troy,USA,44.898218,-72.86714
ClintonAve_Albany_USA,Clinton Ave,Albany,USA,42.625283,-73.706982
MadisonAve_Albany_USA,Madison Ave,Albany,USA,42.636258,-73.802061
SouthSt_Albany_USA,South St,Albany,USA,42.786064,-73.888108
CentralAve_Troy_USA,Central Ave,Troy,USA,41.677731,-70.677745
DelawareAve_Schenectady_USA,Delaware Ave,Schenectady,USA,40.476242,-72.450604
TenBroeckSt_Albany_USA,Ten Broeck St,Albany,USA,42.617808,-73.852966
HudsonAve_Schenectady_USA,Hudson Ave,Schenectady,USA,44.981119,-72.7812
StateSt_Albany_USA,State St,Albany,USA,42.669215,-73.877948
SouthSt_Albany_USA,South St,Albany,USA,42.687474,-73.88536
WesternAve_Albany_USA,Western Ave,Albany,USA,42.627071,-73.87343
ParkAve_Troy_USA,Park Ave,Troy,USA,40.388056,-71.400184
LarkSt_Schenectady_USA,Lark St,Schenectady,USA,40.067277,-74.320211
ClintonAve_Schenectady_USA,Clinton Ave,Schenectady,USA,44.540522,-74.955493
ParkAve_Troy_USA,Park Ave,Troy,USA,42.362696,-72.165259
DelawareAve_Albany_USA,Delaware Ave,Albany,USA,42.673687,-73.797346
CentralAve_Schenectady_USA,Central Ave,Schenectady,USA,42.426742,-72.657214
NorthSt_Albany_USA,North St,Albany,USA,42.685418,-73.796724
NorthSt_Troy_USA,North St,Troy,USA,43.604734,-73.640544
Broadway_Albany_USA,Broadway,Albany,USA,42.631306,-73.898614
PearlSt_Schenectady_USA,Pearl St,Schenectady,USA,44.781445,-73.557815
ClintonAve_Troy_USA,Clinton Ave,Troy,USA,44.881176,-70.515762
CentralAve_Albany_USA,Central Ave,Albany,USA,42.658417,-73.866106
JaySt_Albany_USA,Jay St,Albany,USA,42.789263,-73.846094
DelawareAve_Albany_USA,Delaware Ave,Albany,USA,42.686035,-73.823592
WesternAve_Troy_USA,Western Ave,Troy,USA,41.015242,-71.961472
JaySt_Albany_USA,Jay St,Albany,USA,42.751726,-73.844664
CentralAve_Schenectady_USA,Central Ave,Schenectady,USA,40.022939,-70.378611
StateSt_Schenectady_USA,State St,Schenectady,USA,43.534741,-71.03657
Broadway_Troy_USA,Broadway,Troy,USA,41.200807,-71.079713
MadisonAve_Troy_USA,Madison Ave,Troy,USA,44.895947,-72.370419
DelawareAve_Albany_USA,Delaware Ave,Albany,USA,42.75804,-73.717117
LarkSt_Albany_USA,Lark St,Albany,USA,42.603618,-73.865618
ClintonAve_Albany_USA,Clinton Ave,Albany,USA,42.68119,-73.889187
DelawareAve_Schenectady_USA,Delaware Ave,Schenectady,USA,40.802042,-70.055802
StateSt_Troy_USA,State St,Troy,USA,40.14767,-70.662955
SouthSt_Schenectady_USA,South St,Schenectady,USA,44.838275,-72.695008
TenBroeckSt_Troy_USA,Ten Broeck St,Troy,USA,42.096658,-72.855325
HudsonAve_Schenectady_USA,Hudson Ave,Schenectady,USA,41.19176,-71.503611
Broadway_Troy_USA,Broadway,Troy,USA,40.386286,-70.936627
JaySt_Troy_USA,Jay St,Troy,USA,41.386042,-73.608879
ClintonAve_Troy_USA,Clinton Ave,Troy,USA,42.32976,-72.35035
StateSt_Albany_USA,State St,Albany,USA,42.785664,-73.757041
TenBroeckSt_Albany_USA,Ten Broeck St,Albany,USA,42.641936,-73.78322
StateSt_Albany_USA,State St,Albany,USA,42.749102,-73.833045
WashingtonAve_Troy_USA,Washington Ave,Troy,USA,41.625364,-74.205591
MadisonAve_Schenectady_USA,Madison Ave,Schenectady,USA,40.625053,-71.696978
MadisonAve_Troy_USA,Madison Ave,Troy,USA,41.998495,-74.507916
NorthSt_Albany_USA,North St,Albany,USA,42.637832,-73.757349
NorthSt_Albany_USA,North St,Albany,USA,42.6979,-73.760509
StateSt_Albany_USA,State St,Albany,USA,42.624975,-73.830039
NorthSt_Albany_USA,North St,Albany,USA,42.705808,-73.755453
JaySt_Schenectady_USA,Jay St,Schenectady,USA,43.743273,-72.301399
TenBroeckSt_Albany_USA,Ten Broeck St,Albany,USA,42.792357,-73.805098
PearlSt_Troy_USA,Pearl St,Troy,USA,42.480691,-72.527954
DelawareAve_Albany_USA,Delaware Ave,Albany,USA,42.769056,-73.737498
PearlSt_Albany_USA,Pearl St,Albany,USA,42.699604,-73.721408
ParkAve_Schenectady_USA,Park Ave,Schenectady,USA,42.710247,-74.471771
JaySt_Troy_USA,Jay St,Troy,USA,42.570579,-70.571735
DelawareAve_Troy_USA,Delaware Ave,Troy,USA,41.847985,-71.183421
TenBroeckSt_Albany_USA,Ten Broeck St,Albany,USA,42.75042,-73.770609
PearlSt_Schenectady_USA,Pearl St,Schenectady,USA,43.412175,-72.338688
DelawareAve_Schenectady_USA,Delaware Ave,Schenectady,USA,44.630902,-71.098033
ParkAve_Troy_USA,Park Ave,Troy,USA,42.947919,-71.365869
CentralAve_Albany_USA,Central Ave,Albany,USA,42.75497,-73.762062
CentralAve_Albany_USA,Central Ave,Albany,USA,42.650344,-73.875388
WesternAve_Schenectady_USA,Western Ave,Schenectady,USA,41.19694,-70.360132
DelawareAve_Troy_USA,Delaware Ave,Troy,USA,41.819383,-72.789306
WesternAve_Albany_USA,Western Ave,Albany,USA,42.70791,-73.822709
WashingtonAve_Troy_USA,Washington Ave,Troy,USA,44.260422,-74.678883
TenBroeckSt_Troy_USA,Ten Broeck St,Troy,USA,44.669989,-72.183527
DelawareAve_Troy_USA,Delaware Ave,Troy,USA,41.283542,-73.747806
PearlSt_Troy_USA,Pearl St,Troy,USA,40.855913,-73.748221
StateSt_Albany_USA,State St,Albany,USA,42.700553,-73.772734
ParkAve_Schenectady_USA,Park Ave,Schenectady,USA,42.613587,-74.730752
ParkAve_Schenectady_USA,Park Ave,Schenectady,USA,42.034002,-74.255578
MadisonAve_Albany_USA,Madison Ave,Albany,USA,42.711022,-73.85893
JaySt_Albany_USA,Jay St,Albany,USA,42.724517,-73.72122
ClintonAve_Schenectady_USA,Clinton Ave,Schenectady,USA,44.841312,-71.826734
DelawareAve_Albany_USA,Delaware Ave,Albany,USA,42.750254,-73.789733
Broadway_Schenectady_USA,Broadway,Schenectady,USA,44.46886,-73.858345
WashingtonAve_Albany_USA,Washington Ave,Albany,USA,42.758551,-73.777335
ClintonAve_Albany_USA,Clinton Ave,Albany,USA,42.652613,-73.894655
DelawareAve_Albany_USA,Delaware Ave,Albany,USA,42.668861,-73.837417
Broadway_Albany_USA,Broadway,Albany,USA,42.693157,-73.857809
ClintonAve_Troy_USA,Clinton Ave,Troy,USA,42.24272,-73.579358
LarkSt_Albany_USA,Lark St,Albany,USA,42.608921,-73.71153
DelawareAve_Albany_USA,Delaware Ave,Albany,USA,42.767869,-73.854631
TenBroeckSt_Schenectady_USA,Ten Broeck St,Schenectady,USA,42.781571,-71.058147
HudsonAve_Albany_USA,Hudson Ave,Albany,USA,42.696201,-73.734333
Broadway_Albany_USA,Broadway,Albany,USA,42.630642,-73.896869
WashingtonAve_Albany_USA,Washington Ave,Albany,USA,42.762671,-73.851638
WesternAve_Troy_USA,Western Ave,Troy,USA,41.298752,-73.345001
PearlSt_Schenectady_USA,Pearl St,Schenectady,USA,41.205102,-73.071645
WesternAve_Schenectady_USA,Western Ave,Schenectady,USA,43.56064,-70.834379
Broadway_Troy_USA,Broadway,Troy,USA,43.150152,-74.813133
ClintonAve_Albany_USA,Clinton Ave,Albany,USA,42.720958,-73.788755
TenBroeckSt_Albany_USA,Ten Broeck St,Albany,USA,42.795922,-73.795731
HudsonAve_Schenectady_USA,Hudson Ave,Schenectady,USA,43.279185,-72.132955
SouthSt_Albany_USA,South St,Albany,USA,42.717097,-73.870152
ClintonAve_Albany_USA,Clinton Ave,Albany,USA,42.610354,-73.795886
ClintonAve_Albany_USA,Clinton Ave,Albany,USA,42.681147,-73.86768
JaySt_Albany_USA,Jay St,Albany,USA,42.688994,-73.748139
Broadway_Albany_USA,Broadway,Albany,USA,42.614398,-73.838592
NorthSt_Albany_USA,North St,Albany,USA,42.748585,-73.714958
CentralAve_Albany_USA,Central Ave,Albany,USA,42.639405,-73.857656
Broadway_Albany_USA,Broadway,Albany,USA,42.708643,-73.889077
NorthSt_Albany_USA,North St,Albany,USA,42.630578,-73.772172
CentralAve_Albany_USA,Central Ave,Albany,USA,42.720712,-73.884381
TenBroeckSt_Albany_USA,Ten Broeck St,Albany,USA,42.77911,-73.722204
PearlSt_Schenectady_USA,Pearl St,Schenectady,USA,41.056385,-72.197491
SouthSt_Albany_USA,South St,Albany,USA,42.625286,-73.720661
HudsonAve_Troy_USA,Hudson Ave,Troy,USA,40.982765,-72.445314
TenBroeckSt_Albany_USA,Ten Broeck St,Albany,USA,42.654855,-73.749655
StateSt_Schenectady_USA,State St,Schenectady,USA,40.280294,-73.159571
NorthSt_Troy_USA,North St,Troy,USA,42.789615,-72.091005
LarkSt_Albany_USA,Lark St,Albany,USA,42.761652,-73.765326
WashingtonAve_Troy_USA,Washington Ave,Troy,USA,44.338863,-70.834389
DelawareAve_Troy_USA,Delaware Ave,Troy,USA,44.049613,-71.930948
WesternAve_Albany_USA,Western Ave,Albany,USA,42.695519,-73.700471
NorthSt_Troy_USA,North St,Troy,USA,44.129375,-70.194723
SouthSt_Albany_USA,South St,Albany,USA,42.70595,-73.755836
ParkAve_Albany_USA,Park Ave,Albany,USA,42.758206,-73.77279
WashingtonAve_Schenectady_USA,Washington Ave,Schenectady,USA,40.268662,-72.455585
StateSt_Albany_USA,State St,Albany,USA,42.7801,-73.73933
NorthSt_Albany_USA,North St,Albany,USA,42.644056,-73.826915
HudsonAve_Albany_USA,Hudson Ave,Albany,USA,42.781625,-73.710781
Broadway_Schenectady_USA,Broadway,Schenectady,USA,44.149151,-70.647905
LarkSt_Albany_USA,Lark St,Albany,USA,42.667826,-73.883074
Broadway_Albany_USA,Broadway,Albany,USA,42.629787,-73.834839
WashingtonAve_Albany_USA,Washington Ave,Albany,USA,42.736077,-73.758206
TenBroeckSt_Albany_USA,Ten Broeck St,Albany,USA,42.63957,-73.731954
ClintonAve_Albany_USA,Clinton Ave,Albany,USA,42.790813,-73.798215
LarkSt_Schenectady_USA,Lark St,Schenectady,USA,40.453032,-72.984638
CentralAve_Albany_USA,Central Ave,Albany,USA,42.749358,-73.888899
ParkAve_Troy_USA,Park Ave,Troy,USA,43.561308,-72.7342
LarkSt_Albany_USA,Lark St,Albany,USA,42.773802,-73.868065
WesternAve_Albany_USA,Western Ave,Albany,USA,42.705092,-73.842043
StateSt_Troy_USA,State St,Troy,USA,41.753677,-73.378617
ParkAve_Albany_USA,Park Ave,Albany,USA,42.627146,-73.854816
JaySt_Troy_USA,Jay St,Troy,USA,42.476676,-71.319037
StateSt_Schenectady_USA,State St,Schenectady,USA,43.395767,-74.408624
CentralAve_Troy_USA,Central Ave,Troy,USA,41.613663,-73.195102
NorthSt_Schenectady_USA,North St,Schenectady,USA,42.272986,-71.474704
LarkSt_Albany_USA,Lark St,Albany,USA,42.67685,-73.863523
ParkAve_Albany_USA,Park Ave,Albany,USA,42.606288,-73.87488
JaySt_Albany_USA,Jay St,Albany,USA,42.699347,-73.740416
TenBroeckSt_Albany_USA,Ten Broeck St,Albany,USA,42.772966,-73.81919
MadisonAve_Albany_USA,Madison Ave,Albany,USA,42.794522,-73.766499
NorthSt_Albany_USA,North St,Albany,USA,42.721817,-73.755565
WesternAve_Schenectady_USA,Western Ave,Schenectady,USA,44.850367,-73.748557
PearlSt_Albany_USA,Pearl St,Albany,USA,42.627095,-73.877007
TenBroeckSt_Albany_USA,Ten Broeck St,Albany,USA,42.741716,-73.756818
DelawareAve_Troy_USA,Delaware Ave,Troy,USA,43.175034,-72.054679
PearlSt_Albany_USA,Pearl St,Albany,USA,42.751812,-73.722972
LarkSt_Albany_USA,Lark St,Albany,USA,42.752623,-73.74064
Broadway_Albany_USA,Broadway,Albany,USA,42.671793,-73.822289
WashingtonAve_Albany_USA,Washington Ave,Albany,USA,42.663033,-73.768731
NorthSt_Albany_USA,North St,Albany,USA,42.682969,-73.718691
ParkAve_Troy_USA,Park Ave,Troy,USA,42.467035,-74.32689
JaySt_Albany_USA,Jay St,Albany,USA,42.707769,-73.727916
ClintonAve_Albany_USA,Clinton Ave,Albany,USA,42.609549,-73.753132
CentralAve_Albany_USA,Central Ave,Albany,USA,42.762917,-73.86416
SouthSt_Troy_USA,South St,Troy,USA,42.992283,-73.856774
Broadway_Albany_USA,Broadway,Albany,USA,42.701175,-73.729973
ParkAve_Troy_USA,Park Ave,Troy,USA,42.258631,-74.91181
PearlSt_Albany_USA,Pearl St,Albany,USA,42.693496,-73.709828
CentralAve_Troy_USA,Central Ave,Troy,USA,44.895598,-71.699887
StateSt_Albany_USA,State St,Albany,USA,42.655911,-73.771953
HudsonAve_Albany_USA,Hudson Ave,Albany,USA,42.743589,-73.717321
StateSt_Albany_USA,State St,Albany,USA,42.731593,-73.712864
PearlSt_Albany_USA,Pearl St,Albany,USA,42.686659,-73.81585
DelawareAve_Albany_USA,Delaware Ave,Albany,USA,42.71476,-73.880511
DelawareAve_Albany_USA,Delaware Ave,Albany,USA,42.793093,-73.776224
StateSt_Albany_USA,State St,Albany,USA,42.799335,-73.818206
CentralAve_Schenectady_USA,Central Ave,Schenectady,USA,43.052938,-71.880715
MadisonAve_Albany_USA,Madison Ave,Albany,USA,42.643497,-73.814148
NorthSt_Schenectady_USA,North St,Schenectady,USA,41.619471,-74.205612
DelawareAve_Albany_USA,Delaware Ave,Albany,USA,42.720325,-73.705118
CentralAve_Schenectady_USA,Central Ave,Schenectady,USA,44.266727,-70.181663
ParkAve_Albany_USA,Park Ave,Albany,USA,42.781459,-73.865326
PearlSt_Schenectady_USA,Pearl St,Schenectady,USA,44.920159,-74.426325
LarkSt_Albany_USA,Lark St,Albany,USA,42.633781,-73.848235
JaySt_Albany_USA,Jay St,Albany,USA,42.732384,-73.780473
CentralAve_Albany_USA,Central Ave,Albany,USA,42.673434,-73.832811
PearlSt_Schenectady_USA,Pearl St,Schenectady,USA,41.350604,-72.230683
ParkAve_Troy_USA,Park Ave,Troy,USA,41.846176,-71.429089
MadisonAve_Albany_USA,Madison Ave,Albany,USA,42.676742,-73.719342
WesternAve_Schenectady_USA,Western Ave,Schenectady,USA,44.249362,-71.071446
PearlSt_Albany_USA,Pearl St,Albany,USA,42.625306,-73.887988
DelawareAve_Albany_USA,Delaware Ave,Albany,USA,42.671233,-73.757492
ClintonAve_Schenectady_USA,Clinton Ave,Schenectady,USA,42.772756,-70.608598
ClintonAve_Albany_USA,Clinton Ave,Albany,USA,42.648704,-73.857034
JaySt_Albany_USA,Jay St,Albany,USA,42.628082,-73.878447
PearlSt_Troy_USA,Pearl St,Troy,USA,40.786989,-70.422055
StateSt_Schenectady_USA,State St,Schenectady,USA,43.71505,-74.153331
TenBroeckSt_Albany_USA,Ten Broeck St,Albany,USA,42.787859,-73.770433
WesternAve_Troy_USA,Western Ave,Troy,USA,40.721952,-74.759742
StateSt_Albany_USA,State St,Albany,USA,42.780298,-73.763981
HudsonAve_Albany_USA,Hudson Ave,Albany,USA,42.643362,-73.887394
NorthSt_Troy_USA,North St,Troy,USA,41.316038,-72.070683
PearlSt_Troy_USA,Pearl St,Troy,USA,40.59111,-74.815558
WashingtonAve_Albany_USA,Washington Ave,Albany,USA,42.626887,-73.804164
ClintonAve_Schenectady_USA,Clinton Ave,Schenectady,USA,44.408085,-70.172102
PearlSt_Albany_USA,Pearl St,Albany,USA,42.750757,-73.836131
ClintonAve_Albany_USA,Clinton Ave,Albany,USA,42.686319,-73.838817
ClintonAve_Albany_USA,Clinton Ave,Albany,USA,42.739383,-73.85035
CentralAve_Albany_USA,Central Ave,Albany,USA,42.684221,-73.818304
LarkSt_Troy_USA,Lark St,Troy,USA,44.700575,-70.344081
ClintonAve_Albany_USA,Clinton Ave,Albany,USA,42.625868,-73.748369
NorthSt_Schenectady_USA,North St,Schenectady,USA,42.774867,-71.850841
WesternAve_Troy_USA,Western Ave,Troy,USA,44.32872,-70.995383
TenBroeckSt_Albany_USA,Ten Broeck St,Albany,USA,42.747929,-73.710692
ClintonAve_Albany_USA,Clinton Ave,Albany,USA,42.767853,-73.766372
StateSt_Troy_USA,State St,Troy,USA,42.756657,-72.849935
LarkSt_Albany_USA,Lark St,Albany,USA,42.657704,-73.740594
SouthSt_Albany_USA,South St,Albany,USA,42.667142,-73.850886
WesternAve_Albany_USA,Western Ave,Albany,USA,42.66799,-73.786125
StateSt_Troy_USA,State St,Troy,USA,40.119245,-71.805007
PearlSt_Albany_USA,Pearl St,Albany,USA,42.797647,-73.832976
ParkAve_Troy_USA,Park Ave,Troy,USA,43.13522,-72.589544
NorthSt_Schenectady_USA,North St,Schenectady,USA,44.231465,-72.685368
PearlSt_Albany_USA,Pearl St,Albany,USA,42.628173,-73.739429
StateSt_Schenectady_USA,State St,Schenectady,USA,44.209877,-72.493008
MadisonAve_Albany_USA,Madison Ave,Albany,USA,42.645247,-73.761303
DelawareAve_Albany_USA,Delaware Ave,Albany,USA,42.781059,-73.735769
WashingtonAve_Albany_USA,Washington Ave,Albany,USA,42.7878,-73.822277
DelawareAve_Albany_USA,Delaware Ave,Albany,USA,42.637786,-73.767396
HudsonAve_Albany_USA,Hudson Ave,Albany,USA,42.642959,-73.703565
SouthSt_Troy_USA,South St,Troy,USA,41.094965,-73.829054
LarkSt_Albany_USA,Lark St,Albany,USA,42.681707,-73.776308
WashingtonAve_Albany_USA,Washington Ave,Albany,USA,42.7965,-73.812812
LarkSt_Albany_USA,Lark St,Albany,USA,42.638738,-73.769075
DelawareAve_Albany_USA,Delaware Ave,Albany,USA,42.791367,-73.881472
CentralAve_Albany_USA,Central Ave,Albany,USA,42.649679,-73.82555
WesternAve_Schenectady_USA,Western Ave,Schenectady,USA,43.741334,-71.940262
WashingtonAve_Albany_USA,Washington Ave,Albany,USA,42.617107,-73.825196
LarkSt_Albany_USA,Lark St,Albany,USA,42.601407,-73.770631
ClintonAve_Troy_USA,Clinton Ave,Troy,USA,43.519559,-73.865621
SouthSt_Troy_USA,South St,Troy,USA,40.116972,-74.267738
SouthSt_Albany_USA,South St,Albany,USA,42.773045,-73.839049
ParkAve_Albany_USA,Park Ave,Albany,USA,42.662316,-73.843025
DelawareAve_Albany_USA,Delaware Ave,Albany,USA,42.73384,-73.854433
NorthSt_Schenectady_USA,North St,Schenectady,USA,41.192229,-74.350758
ParkAve_Troy_USA,Park Ave,Troy,USA,43.507874,-73.202111
Broadway_Albany_USA,Broadway,Albany,USA,42.74526,-73.850848
Broadway_Albany_USA,Broadway,Albany,USA,42.730831,-73.780824
ParkAve_Albany_USA,Park Ave,Albany,USA,42.672873,-73.875999
JaySt_Albany_USA,Jay St,Albany,USA,42.704795,-73.801713
WesternAve_Albany_USA,Western Ave,Albany,USA,42.645396,-73.774123
DelawareAve_Albany_USA,Delaware Ave,Albany,USA,42.659008,-73.726497
HudsonAve_Troy_USA,Hudson Ave,Troy,USA,44.245558,-73.368357
CentralAve_Troy_USA,Central Ave,Troy,USA,43.086979,-70.77696
TenBroeckSt_Albany_USA,Ten Broeck St,Albany,USA,42.745574,-73.718379
LarkSt_Albany_USA,Lark St,Albany,USA,42.674403,-73.718211
CentralAve_Schenectady_USA,Central Ave,Schenectady,USA,44.343268,-73.908409
LarkSt_Troy_USA,Lark St,Troy,USA,40.546778,-71.228903
SouthSt_Troy_USA,South St,Troy,USA,42.415225,-70.312925
ParkAve_Schenectady_USA,Park Ave,Schenectady,USA,40.426931,-74.769078
TenBroeckSt_Albany_USA,Ten Broeck St,Albany,USA,42.759258,-73.732408
DelawareAve_Albany_USA,Delaware Ave,Albany,USA,42.760082,-73.804302
WashingtonAve_Troy_USA,Washington Ave,Troy,USA,42.280806,-70.503325
ClintonAve_Albany_USA,Clinton Ave,Albany,USA,42.684536,-73.866264
ClintonAve_Albany_USA,Clinton Ave,Albany,USA,42.645066,-73.813854
LarkSt_Schenectady_USA,Lark St,Schenectady,USA,41.103036,-70.328616
PearlSt_Albany_USA,Pearl St,Albany,USA,42.679217,-73.874224
LarkSt_Albany_USA,Lark St,Albany,USA,42.655903,-73.868879
TenBroeckSt_Albany_USA,Ten Broeck St,Albany,USA,42.693244,-73.875219
PearlSt_Albany_USA,Pearl St,Albany,USA,42.796311,-73.882831
MadisonAve_Albany_USA,Madison Ave,Albany,USA,42.643259,-73.792783
Broadway_Albany_USA,Broadway,Albany,USA,42.621951,-73.704635
ClintonAve_Troy_USA,Clinton Ave,Troy,USA,40.546473,-72.785933
DelawareAve_Albany_USA,Delaware Ave,Albany,USA,42.777019,-73.815407
CentralAve_Schenectady_USA,Central Ave,Schenectady,USA,41.23864,-73.296747
WashingtonAve_Schenectady_USA,Washington Ave,Schenectady,USA,44.072402,-70.872247
DelawareAve_Albany_USA,Delaware Ave,Albany,USA,42.683628,-73.866764
Broadway_Troy_USA,Broadway,Troy,USA,43.319763,-70.985661
WesternAve_Albany_USA,Western Ave,Albany,USA,42.654001,-73.888189
ParkAve_Schenectady_USA,Park Ave,Schenectady,USA,43.398538,-74.588726
WesternAve_Troy_USA,Western Ave,Troy,USA,44.377412,-71.616697
TenBroeckSt_Albany_USA,Ten Broeck St,Albany,USA,42.662663,-73.86734
ClintonAve_Albany_USA,Clinton Ave,Albany,USA,42.791083,-73.831253
ParkAve_Albany_USA,Park Ave,Albany,USA,42.610472,-73.778841
CentralAve_Albany_USA,Central Ave,Albany,USA,42.698659,-73.83325
PearlSt_Schenectady_USA,Pearl St,Schenectady,USA,41.237222,-74.878248
NorthSt_Albany_USA,North St,Albany,USA,42.655249,-73.838289
StateSt_Albany_USA,State St,Albany,USA,42.704227,-73.728273
SouthSt_Albany_USA,South St,Albany,USA,42.710681,-73.848583
JaySt_Albany_USA,Jay St,Albany,USA,42.695015,-73.799097
CentralAve_Albany_USA,Central Ave,Albany,USA,42.6136,-73.729189
Broadway_Albany_USA,Broadway,Albany,USA,42.610601,-73.79313
CentralAve_Albany_USA,Central Ave,Albany,USA,42.63995,-73.736953
ClintonAve_Albany_USA,Clinton Ave,Albany,USA,42.715648,-73.747055
WashingtonAve_Albany_USA,Washington Ave,Albany,USA,42.705156,-73.739504
TenBroeckSt_Albany_USA,Ten Broeck St,Albany,USA,42.684668,-73.898285
HudsonAve_Schenectady_USA,Hudson Ave,Schenectady,USA,42.992671,-71.350159
LarkSt_Albany_USA,Lark St,Albany,USA,42.713258,-73.882901
WashingtonAve_Schenectady_USA,Washington Ave,Schenectady,USA,44.27262,-72.76665
PearlSt_Troy_USA,Pearl St,Troy,USA,43.610889,-74.445616
DelawareAve_Albany_USA,Delaware Ave,Albany,USA,42.766451,-73.805412
ClintonAve_Albany_USA,Clinton Ave,Albany,USA,42.78935,-73.773704
PearlSt_Albany_USA,Pearl St,Albany,USA,42.688945,-73.805719
PearlSt_Troy_USA,Pearl St,Troy,USA,44.57078,-71.135832
PearlSt_Troy_USA,Pearl St,Troy,USA,44.834826,-72.740007
HudsonAve_Schenectady_USA,Hudson Ave,Schenectady,USA,41.046046,-73.662325
WesternAve_Albany_USA,Western Ave,Albany,USA,42.649165,-73.751142
MadisonAve_Troy_USA,Madison Ave,Troy,USA,42.382118,-74.484224
PearlSt_Albany_USA,Pearl St,Albany,USA,42.765573,-73.760007
WashingtonAve_Albany_USA,Washington Ave,Albany,USA,42.752113,-73.708292
ClintonAve_Albany_USA,Clinton Ave,Albany,USA,42.612555,-73.701428
DelawareAve_Albany_USA,Delaware Ave,Albany,USA,42.77585,-73.836322
Broadway_Troy_USA,Broadway,Troy,USA,40.65794,-73.053575
TenBroeckSt_Troy_USA,Ten Broeck St,Troy,USA,40.638289,-72.98571
SouthSt_Schenectady_USA,South St,Schenectady,USA,42.850081,-72.287638
HudsonAve_Albany_USA,Hudson Ave,Albany,USA,42.724808,-73.800707
SouthSt_Albany_USA,South St,Albany,USA,42.6416,-73.866677
JaySt_Albany_USA,Jay St,Albany,USA,42.769822,-73.805411
WashingtonAve_Albany_USA,Washington Ave,Albany,USA,42.682494,-73.840312
PearlSt_Schenectady_USA,Pearl St,Schenectady,USA,40.681409,-71.025262
PearlSt_Schenectady_USA,Pearl St,Schenectady,USA,44.044268,-74.057868
LarkSt_Troy_USA,Lark St,Troy,USA,44.30462,-73.297311
PearlSt_Schenectady_USA,Pearl St,Schenectady,USA,42.925288,-72.242669
PearlSt_Albany_USA,Pearl St,Albany,USA,42.798613,-73.803327
DelawareAve_Schenectady_USA,Delaware Ave,Schenectady,USA,41.606642,-71.480106
StateSt_Albany_USA,State St,Albany,USA,42.791987,-73.751583
WashingtonAve_Albany_USA,Washington Ave,Albany,USA,42.772116,-73.718002
CentralAve_Schenectady_USA,Central Ave,Schenectady,USA,44.395953,-71.534324
SouthSt_Troy_USA,South St,Troy,USA,41.387993,-74.969795
ClintonAve_Troy_USA,Clinton Ave,Troy,USA,42.196108,-73.410058
TenBroeckSt_Schenectady_USA,Ten Broeck St,Schenectady,USA,41.787113,-71.19149
ClintonAve_Albany_USA,Clinton Ave,Albany,USA,42.768223,-73.882641
PearlSt_Albany_USA,Pearl St,Albany,USA,42.741864,-73.868538
HudsonAve_Albany_USA,Hudson Ave,Albany,USA,42.692554,-73.883351
CentralAve_Albany_USA,Central Ave,Albany,USA,42.689073,-73.847268
LarkSt_Albany_USA,Lark St,Albany,USA,42.783459,-73.717315
MadisonAve_Troy_USA,Madison Ave,Troy,USA,43.010362,-72.2034
JaySt_Albany_USA,Jay St,Albany,USA,42.768995,-73.715463
Broadway_Albany_USA,Broadway,Albany,USA,42.681996,-73.772166
HudsonAve_Albany_USA,Hudson Ave,Albany,USA,42.717226,-73.737591
CentralAve_Schenectady_USA,Central Ave,Schenectady,USA,42.563835,-72.47777
WesternAve_Albany_USA,Western Ave,Albany,USA,42.686882,-73.720323
ClintonAve_Troy_USA,Clinton Ave,Troy,USA,41.603019,-73.325852
DelawareAve_Albany_USA,Delaware Ave,Albany,USA,42.605435,-73.737459
DelawareAve_Albany_USA,Delaware Ave,Albany,USA,42.79429,-73.814444
WashingtonAve_Albany_USA,Washington Ave,Albany,USA,42.658993,-73.883278
Broadway_Albany_USA,Broadway,Albany,USA,42.678122,-73.789961
CentralAve_Albany_USA,Central Ave,Albany,USA,42.740606,-73.717935
LarkSt_Schenectady_USA,Lark St,Schenectady,USA,44.758561,-71.241648
MadisonAve_Albany_USA,Madison Ave,Albany,USA,42.75184,-73.802167
Broadway_Troy_USA,Broadway,Troy,USA,41.04523,-74.477794
Broadway_Albany_USA,Broadway,Albany,USA,42.77117,-73.806126
SouthSt_Troy_USA,South St,Troy,USA,41.76227,-74.171521
PearlSt_Albany_USA,Pearl St,Albany,USA,42.60206,-73.898047
MadisonAve_Albany_USA,Madison Ave,Albany,USA,42.722823,-73.713284
WesternAve_Troy_USA,Western Ave,Troy,USA,43.870225,-74.146382
StateSt_Schenectady_USA,State St,Schenectady,USA,40.278927,-71.500119
StateSt_Albany_USA,State St,Albany,USA,42.640137,-73.74563
TenBroeckSt_Schenectady_USA,Ten Broeck St,Schenectady,USA,42.189729,-74.432575
CentralAve_Albany_USA,Central Ave,Albany,USA,42.717257,-73.839664
SouthSt_Schenectady_USA,South St,Schenectady,USA,40.337979,-71.149839
NorthSt_Albany_USA,North St,Albany,USA,42.609214,-73.712588
WesternAve_Schenectady_USA,Western Ave,Schenectady,USA,41.036138,-74.289621
SouthSt_Albany_USA,South St,Albany,USA,42.707416,-73.77799
TenBroeckSt_Albany_USA,Ten Broeck St,Albany,USA,42.625302,-73.804236
ParkAve_Albany_USA,Park Ave,Albany,USA,42.750985,-73.782698
DelawareAve_Albany_USA,Delaware Ave,Albany,USA,42.683154,-73.732141
DelawareAve_Albany_USA,Delaware Ave,Albany,USA,42.743263,-73.857237
HudsonAve_Albany_USA,Hudson Ave,Albany,USA,42.648483,-73.736505
JaySt_Schenectady_USA,Jay St,Schenectady,USA,42.972086,-71.735954
CentralAve_Albany_USA,Central Ave,Albany,USA,42.758831,-73.725515
DelawareAve_Schenectady_USA,Delaware Ave,Schenectady,USA,42.888207,-72.519711
PearlSt_Albany_USA,Pearl St,Albany,USA,42.625695,-73.729189
NorthSt_Schenectady_USA,North St,Schenectady,USA,43.830874,-73.621356
NorthSt_Troy_USA,North St,Troy,USA,42.839621,-72.172268
StateSt_Schenectady_USA,State St,Schenectady,USA,43.973665,-70.671344
SouthSt_Troy_USA,South St,Troy,USA,42.543957,-71.963617
SouthSt_Schenectady_USA,South St,Schenectady,USA,41.468,-73.967559
HudsonAve_Troy_USA,Hudson Ave,Troy,USA,44.721583,-74.171472
StateSt_Schenectady_USA,State St,Schenectady,USA,40.159024,-70.715386
HudsonAve_Albany_USA,Hudson Ave,Albany,USA,42.738069,-73.744063
Broadway_Albany_USA,Broadway,Albany,USA,42.747852,-73.890621
DelawareAve_Albany_USA,Delaware Ave,Albany,USA,42.622647,-73.759422
HudsonAve_Albany_USA,Hudson Ave,Albany,USA,42.704033,-73.829251
ClintonAve_Albany_USA,Clinton Ave,Albany,USA,42.795362,-73.747301
HudsonAve_Troy_USA,Hudson Ave,Troy,USA,41.5871,-70.486896
DelawareAve_Albany_USA,Delaware Ave,Albany,USA,42.649807,-73.850007
DelawareAve_Schenectady_USA,Delaware Ave,Schenectady,USA,43.725627,-71.645994
PearlSt_Albany_USA,Pearl St,Albany,USA,42.649021,-73.862663
PearlSt_Troy_USA,Pearl St,Troy,USA,41.944173,-74.740016
PearlSt_Albany_USA,Pearl St,Albany,USA,42.786629,-73.827499
SouthSt_Albany_USA,South St,Albany,USA,42.633277,-73.779876
MadisonAve_Troy_USA,Madison Ave,Troy,USA,41.171706,-74.659285
ClintonAve_Albany_USA,Clinton Ave,Albany,USA,42.793568,-73.813744
HudsonAve_Troy_USA,Hudson Ave,Troy,USA,42.409723,-70.449875
LarkSt_Albany_USA,Lark St,Albany,USA,42.692457,-73.813831
PearlSt_Albany_USA,Pearl St,Albany,USA,42.644678,-73.801362
NorthSt_Albany_USA,North St,Albany,USA,42.693338,-73.819955
WesternAve_Albany_USA,Western Ave,Albany,USA,42.702615,-73.856995
Broadway_Albany_USA,Broadway,Albany,USA,42.668847,-73.732528
ParkAve_Albany_USA,Park Ave,Albany,USA,42.789621,-73.831909
WesternAve_Albany_USA,Western Ave,Albany,USA,42.741519,-73.801991
Broadway_Albany_USA,Broadway,Albany,USA,42.742999,-73.791918
ParkAve_Albany_USA,Park Ave,Albany,USA,42.717141,-73.761485
LarkSt_Schenectady_USA,Lark St,Schenectady,USA,43.004952,-73.94918
JaySt_Troy_USA,Jay St,Troy,USA,40.837071,-72.293738
SouthSt_Schenectady_USA,South St,Schenectady,USA,42.017297,-71.397166
WashingtonAve_Albany_USA,Washington Ave,Albany,USA,42.717704,-73.721017
TenBroeckSt_Albany_USA,Ten Broeck St,Albany,USA,42.618841,-73.836181
TenBroeckSt_Troy_USA,Ten Broeck St,Troy,USA,43.622165,-71.751238
LarkSt_Albany_USA,Lark St,Albany,USA,42.681029,-73.793997
PearlSt_Schenectady_USA,Pearl St,Schenectady,USA,40.570338,-73.191326
HudsonAve_Albany_USA,Hudson Ave,Albany,USA,42.714843,-73.736822
SouthSt_Troy_USA,South St,Troy,USA,41.731443,-70.708672
Broadway_Albany_USA,Broadway,Albany,USA,42.683995,-73.725547
MadisonAve_Schenectady_USA,Madison Ave,Schenectady,USA,40.996131,-70.957192
ParkAve_Albany_USA,Park Ave,Albany,USA,42.662084,-73.781109
TenBroeckSt_Schenectady_USA,Ten Broeck St,Schenectady,USA,40.803506,-74.020803
HudsonAve_Albany_USA,Hudson Ave,Albany,USA,42.653439,-73.846797
ParkAve_Albany_USA,Park Ave,Albany,USA,42.715102,-73.821351
NorthSt_Albany_USA,North St,Albany,USA,42.708713,-73.815873
CentralAve_Albany_USA,Central Ave,Albany,USA,42.669184,-73.835765
MadisonAve_Schenectady_USA,Madison Ave,Schenectady,USA,40.55205,-72.890871
ParkAve_Schenectady_USA,Park Ave,Schenectady,USA,42.64127,-71.046032
PearlSt_Schenectady_USA,Pearl St,Schenectady,USA,40.189205,-71.102765
StateSt_Troy_USA,State St,Troy,USA,41.092703,-74.080746
DelawareAve_Albany_USA,Delaware Ave,Albany,USA,42.736709,-73.869895
TenBroeckSt_Albany_USA,Ten Broeck St,Albany,USA,42.688736,-73.858835
StateSt_Albany_USA,State St,Albany,USA,42.664143,-73.759132
StateSt_Albany_USA,State St,Albany,USA,42.786471,-73.780282
ClintonAve_Albany_USA,Clinton Ave,Albany,USA,42.604665,-73.89578
DelawareAve_Troy_USA,Delaware Ave,Troy,USA,40.942571,-71.728939
ClintonAve_Schenectady_USA,Clinton Ave,Schenectady,USA,43.209775,-70.804667
JaySt_Albany_USA,Jay St,Albany,USA,42.74168,-73.807401
NorthSt_Schenectady_USA,North St,Schenectady,USA,43.234226,-70.584654
MadisonAve_Albany_USA,Madison Ave,Albany,USA,42.637187,-73.768231
LarkSt_Albany_USA,Lark St,Albany,USA,42.613763,-73.764121
Broadway_Albany_USA,Broadway,Albany,USA,42.753576,-73.836645
StateSt_Albany_USA,State St,Albany,USA,42.653069,-73.766309
CentralAve_Albany_USA,Central Ave,Albany,USA,42.601905,-73.896113
NorthSt_Schenectady_USA,North St,Schenectady,USA,40.78924,-73.610756
MadisonAve_Troy_USA,Madison Ave,Troy,USA,41.090283,-74.674209
ParkAve_Albany_USA,Park Ave,Albany,USA,42.77742,-73.831178
PearlSt_Albany_USA,Pearl St,Albany,USA,42.761297,-73.838588
MadisonAve_Troy_USA,Madison Ave,Troy,USA,41.648759,-70.196704
CentralAve_Troy_USA,Central Ave,Troy,USA,41.036349,-73.135431
HudsonAve_Albany_USA,Hudson Ave,Albany,USA,42.783676,-73.887278
ClintonAve_Albany_USA,Clinton Ave,Albany,USA,42.603279,-73.854492
CentralAve_Albany_USA,Central Ave,Albany,USA,42.605824,-73.881343
SouthSt_Schenectady_USA,South St,Schenectady,USA,40.103968,-74.39723
HudsonAve_Albany_USA,Hudson Ave,Albany,USA,42.672877,-73.731811
ClintonAve_Troy_USA,Clinton Ave,Troy,USA,40.892323,-71.484471
ParkAve_Troy_USA,Park Ave,Troy,USA,41.438129,-74.745646
TenBroeckSt_Schenectady_USA,Ten Broeck St,Schenectady,USA,42.848383,-72.040022
MadisonAve_Albany_USA,Madison Ave,Albany,USA,42.608217,-73.821669
StateSt_Troy_USA,State St,Troy,USA,44.378968,-74.206894
LarkSt_Troy_USA,Lark St,Troy,USA,41.737668,-72.701426
JaySt_Albany_USA,Jay St,Albany,USA,42.703155,-73.711811
ParkAve_Schenectady_USA,Park Ave,Schenectady,USA,40.999168,-70.149627
ClintonAve_Troy_USA,Clinton Ave,Troy,USA,42.616356,-70.348138
WashingtonAve_Albany_USA,Washington Ave,Albany,USA,42.705846,-73.808437
ParkAve_Albany_USA,Park Ave,Albany,USA,42.74336,-73.822971
SouthSt_Schenectady_USA,South St,Schenectady,USA,41.214544,-74.007479
LarkSt_Albany_USA,Lark St,Albany,USA,42.718444,-73.826049
StateSt_Albany_USA,State St,Albany,USA,42.624664,-73.791679
ClintonAve_Albany_USA,Clinton Ave,Albany,USA,42.718966,-73.853166
MadisonAve_Albany_USA,Madison Ave,Albany,USA,42.639027,-73.739317
MadisonAve_Albany_USA,Madison Ave,Albany,USA,42.600902,-73.789181
WesternAve_Troy_USA,Western Ave,Troy,USA,42.518672,-73.872943
NorthSt_Albany_USA,North St,Albany,USA,42.688006,-73.87005
CentralAve_Troy_USA,Central Ave,Troy,USA,41.311517,-70.22157
HudsonAve_Albany_USA,Hudson Ave,Albany,USA,42.664075,-73.745195
Broadway_Albany_USA,Broadway,Albany,USA,42.649376,-73.721024
ParkAve_Albany_USA,Park Ave,Albany,USA,42.719809,-73.718675
WashingtonAve_Troy_USA,Washington Ave,Troy,USA,43.434089,-74.685322
TenBroeckSt_Albany_USA,Ten Broeck St,Albany,USA,42.67038,-73.792313
ParkAve_Albany_USA,Park Ave,Albany,USA,42.738661,-73.762502
PearlSt_Albany_USA,Pearl St,Albany,USA,42.698328,-73.796127
CentralAve_Schenectady_USA,Central Ave,Schenectady,USA,41.623441,-70.092775
Broadway_Schenectady_USA,Broadway,Schenectady,USA,43.658011,-71.742905
WashingtonAve_Schenectady_USA,Washington Ave,Schenectady,USA,41.914707,-72.13737
HudsonAve_Albany_USA,Hudson Ave,Albany,USA,42.658058,-73.851798
ParkAve_Albany_USA,Park Ave,Albany,USA,42.619197,-73.814851
Broadway_Albany_USA,Broadway,Albany,USA,42.62221,-73.864449
MadisonAve_Schenectady_USA,Madison Ave,Schenectady,USA,44.311989,-70.175367
WesternAve_Albany_USA,Western Ave,Albany,USA,42.653133,-73.882957
StateSt_Albany_USA,State St,Albany,USA,42.772341,-73.891673
WesternAve_Schenectady_USA,Western Ave,Schenectady,USA,44.271388,-73.087019
DelawareAve_Schenectady_USA,Delaware Ave,Schenectady,USA,42.778819,-71.38511
PearlSt_Albany_USA,Pearl St,Albany,USA,42.728484,-73.888802
ParkAve_Troy_USA,Park Ave,Troy,USA,41.383171,-74.590426
MadisonAve_Albany_USA,Madison Ave,Albany,USA,42.791294,-73.83977
PearlSt_Albany_USA,Pearl St,Albany,USA,42.642859,-73.755555
WashingtonAve_Troy_USA,Washington Ave,Troy,USA,43.487508,-70.783147
NorthSt_Troy_USA,North St,Troy,USA,40.208091,-74.924119
MadisonAve_Albany_USA,Madison Ave,Albany,USA,42.740437,-73.813993
StateSt_Troy_USA,State St,Troy,USA,43.709787,-72.54671
ParkAve_Troy_USA,Park Ave,Troy,USA,43.825198,-73.930365
ClintonAve_Schenectady_USA,Clinton Ave,Schenectady,USA,44.62289,-72.419659
WashingtonAve_Troy_USA,Washington Ave,Troy,USA,44.043315,-70.68387
JaySt_Albany_USA,Jay St,Albany,USA,42.609853,-73.807964
CentralAve_Albany_USA,Central Ave,Albany,USA,42.727377,-73.743504
NorthSt_Albany_USA,North St,Albany,USA,42.645459,-73.851877
ParkAve_Albany_USA,Park Ave,Albany,USA,42.784914,-73.776422
MadisonAve_Albany_USA,Madison Ave,Albany,USA,42.677048,-73.862191
TenBroeckSt_Schenectady_USA,Ten Broeck St,Schenectady,USA,42.835273,-71.213418
WashingtonAve_Albany_USA,Washington Ave,Albany,USA,42.663592,-73.897783
ClintonAve_Albany_USA,Clinton Ave,Albany,USA,42.639825,-73.882002
Broadway_Albany_USA,Broadway,Albany,USA,42.640213,-73.747787
PearlSt_Albany_USA,Pearl St,Albany,USA,42.730937,-73.834458
PearlSt_Troy_USA,Pearl St,Troy,USA,41.279525,-70.909531
LarkSt_Albany_USA,Lark St,Albany,USA,42.700071,-73.884492
ClintonAve_Troy_USA,Clinton Ave,Troy,USA,44.393829,-74.133323
SouthSt_Albany_USA,South St,Albany,USA,42.701616,-73.773638
StateSt_Schenectady_USA,State St,Schenectady,USA,44.820111,-73.976315
DelawareAve_Schenectady_USA,Delaware Ave,Schenectady,USA,44.928061,-73.2785
TenBroeckSt_Albany_USA,Ten Broeck St,Albany,USA,42.797811,-73.841375
JaySt_Albany_USA,Jay St,Albany,USA,42.694704,-73.835203
LarkSt_Troy_USA,Lark St,Troy,USA,44.425938,-70.588463
HudsonAve_Albany_USA,Hudson Ave,Albany,USA,42.70239,-73.811206
JaySt_Albany_USA,Jay St,Albany,USA,42.729195,-73.74623
LarkSt_Schenectady_USA,Lark St,Schenectady,USA,44.922529,-70.916965
LarkSt_Albany_USA,Lark St,Albany,USA,42.752074,-73.817795
ClintonAve_Troy_USA,Clinton Ave,Troy,USA,40.584287,-72.698152
CentralAve_Albany_USA,Central Ave,Albany,USA,42.617566,-73.84064
StateSt_Albany_USA,State St,Albany,USA,42.662401,-73.751102
WesternAve_Albany_USA,Western Ave,Albany,USA,42.646154,-73.735166
CentralAve_Albany_USA,Central Ave,Albany,USA,42.780307,-73.847434
HudsonAve_Albany_USA,Hudson Ave,Albany,USA,42.728133,-73.895849
CentralAve_Schenectady_USA,Central Ave,Schenectady,USA,40.993932,-74.560096
NorthSt_Albany_USA,North St,Albany,USA,42.771402,-73.766508
WashingtonAve_Albany_USA,Washington Ave,Albany,USA,42.723294,-73.746254
StateSt_Troy_USA,State St,Troy,USA,43.476664,-71.861698
SouthSt_Troy_USA,South St,Troy,USA,44.805038,-72.412241
ClintonAve_Schenectady_USA,Clinton Ave,Schenectady,USA,42.594526,-70.305773
MadisonAve_Troy_USA,Madison Ave,Troy,USA,42.916757,-73.549225
NorthSt_Albany_USA,North St,Albany,USA,42.710818,-73.852006
JaySt_Albany_USA,Jay St,Albany,USA,42.739187,-73.828429
CentralAve_Albany_USA,Central Ave,Albany,USA,42.797818,-73.711234
TenBroeckSt_Schenectady_USA,Ten Broeck St,Schenectady,USA,40.972751,-72.047877
MadisonAve_Albany_USA,Madison Ave,Albany,USA,42.726866,-73.722467
JaySt_Albany_USA,Jay St,Albany,USA,42.610293,-73.768088
StateSt_Schenectady_USA,State St,Schenectady,USA,42.177066,-72.824867
MadisonAve_Troy_USA,Madison Ave,Troy,USA,41.8809,-74.189733
SouthSt_Albany_USA,South St,Albany,USA,42.73987,-73.76988
ParkAve_Albany_USA,Park Ave,Albany,USA,42.650682,-73.743515
DelawareAve_Albany_USA,Delaware Ave,Albany,USA,42.760968,-73.803629
CentralAve_Schenectady_USA,Central Ave,Schenectady,USA,44.201464,-70.103776
ClintonAve_Albany_USA,Clinton Ave,Albany,USA,42.777495,-73.767955
SouthSt_Albany_USA,South St,Albany,USA,42.613308,-73.852756
ClintonAve_Schenectady_USA,Clinton Ave,Schenectady,USA,43.736283,-70.575716
CentralAve_Albany_USA,Central Ave,Albany,USA,42.77703,-73.836861
SouthSt_Albany_USA,South St,Albany,USA,42.730689,-73.727653
LarkSt_Schenectady_USA,Lark St,Schenectady,USA,41.843075,-70.298399
Broadway_Schenectady_USA,Broadway,Schenectady,USA,43.412895,-74.122869
ClintonAve_Albany_USA,Clinton Ave,Albany,USA,42.735,-73.899867
StateSt_Albany_USA,State St,Albany,USA,42.616127,-73.769746
CentralAve_Troy_USA,Central Ave,Troy,USA,43.646626,-72.261394
Broadway_Albany_USA,Broadway,Albany,USA,42.786222,-73.808263
PearlSt_Albany_USA,Pearl St,Albany,USA,42.639142,-73.891686
WashingtonAve_Troy_USA,Washington Ave,Troy,USA,43.636371,-71.963728
SouthSt_Albany_USA,South St,Albany,USA,42.6021,-73.86915
ClintonAve_Albany_USA,Clinton Ave,Albany,USA,42.700101,-73.765104
WesternAve_Albany_USA,Western Ave,Albany,USA,42.785663,-73.861797
CentralAve_Troy_USA,Central Ave,Troy,USA,44.921407,-74.604097
DelawareAve_Troy_USA,Delaware Ave,Troy,USA,43.358555,-74.168071
DelawareAve_Schenectady_USA,Delaware Ave,Schenectady,USA,44.941872,-70.080797
MadisonAve_Troy_USA,Madison Ave,Troy,USA,44.173418,-74.109855
NorthSt_Albany_USA,North St,Albany,USA,42.680889,-73.736392
LarkSt_Albany_USA,Lark St,Albany,USA,42.794391,-73.803405
JaySt_Albany_USA,Jay St,Albany,USA,42.775646,-73.779991
ClintonAve_Albany_USA,Clinton Ave,Albany,USA,42.71586,-73.864724
WashingtonAve_Albany_USA,Washington Ave,Albany,USA,42.651155,-73.730991
ClintonAve_Albany_USA,Clinton Ave,Albany,USA,42.661895,-73.709921
TenBroeckSt_Albany_USA,Ten Broeck St,Albany,USA,42.690652,-73.767092
WesternAve_Albany_USA,Western Ave,Albany,USA,42.778517,-73.835077
MadisonAve_Albany_USA,Madison Ave,Albany,USA,42.658423,-73.849093
CentralAve_Troy_USA,Central Ave,Troy,USA,40.655897,-71.151377
ClintonAve_Albany_USA,Clinton Ave,Albany,USA,42.729171,-73.861021
MadisonAve_Albany_USA,Madison Ave,Albany,USA,42.604086,-73.750122
SouthSt_Schenectady_USA,South St,Schenectady,USA,44.52302,-73.746321
MadisonAve_Albany_USA,Madison Ave,Albany,USA,42.603143,-73.838166
DelawareAve_Albany_USA,Delaware Ave,Albany,USA,42.756945,-73.850793
ParkAve_Schenectady_USA,Park Ave,Schenectady,USA,44.322194,-72.069629
WashingtonAve_Albany_USA,Washington Ave,Albany,USA,42.656377,-73.792958
WesternAve_Albany_USA,Western Ave,Albany,USA,42.773818,-73.764036
StateSt_Albany_USA,State St,Albany,USA,42.644004,-73.729636
PearlSt_Troy_USA,Pearl St,Troy,USA,43.00088,-70.719994
SouthSt_Albany_USA,South St,Albany,USA,42.620946,-73.78399
MadisonAve_Schenectady_USA,Madison Ave,Schenectady,USA,42.787218,-70.601312
CentralAve_Albany_USA,Central Ave,Albany,USA,42.705367,-73.871711
PearlSt_Albany_USA,Pearl St,Albany,USA,42.626079,-73.726942
ClintonAve_Albany_USA,Clinton Ave,Albany,USA,42.699203,-73.816283
JaySt_Albany_USA,Jay St,Albany,USA,42.602572,-73.792647
ClintonAve_Albany_USA,Clinton Ave,Albany,USA,42.740581,-73.865183
ClintonAve_Albany_USA,Clinton Ave,Albany,USA,42.732402,-73.847037
TenBroeckSt_Albany_USA,Ten Broeck St,Albany,USA,42.773277,-73.836235
Broadway_Albany_USA,Broadway,Albany,USA,42.706827,-73.863056
Broadway_Albany_USA,Broadway,Albany,USA,42.785968,-73.899603
CentralAve_Schenectady_USA,Central Ave,Schenectady,USA,41.783753,-72.001028
PearlSt_Schenectady_USA,Pearl St,Schenectady,USA,41.464745,-71.102988
WashingtonAve_Albany_USA,Washington Ave,Albany,USA,42.75377,-73.742403
PearlSt_Albany_USA,Pearl St,Albany,USA,42.691326,-73.856827
MadisonAve_Albany_USA,Madison Ave,Albany,USA,42.608146,-73.714917
ParkAve_Schenectady_USA,Park Ave,Schenectady,USA,43.801013,-74.113083
WashingtonAve_Albany_USA,Washington Ave,Albany,USA,42.611016,-73.860393
Broadway_Schenectady_USA,Broadway,Schenectady,USA,44.675476,-73.664888
CentralAve_Albany_USA,Central Ave,Albany,USA,42.720392,-73.895067
NorthSt_Schenectady_USA,North St,Schenectady,USA,44.70909,-73.640371
ClintonAve_Schenectady_USA,Clinton Ave,Schenectady,USA,43.544875,-74.914037
WashingtonAve_Albany_USA,Washington Ave,Albany,USA,42.768147,-73.716304
LarkSt_Albany_USA,Lark St,Albany,USA,42.700533,-73.724124
ParkAve_Schenectady_USA,Park Ave,Schenectady,USA,40.523338,-72.469749
ParkAve_Albany_USA,Park Ave,Albany,USA,42.642354,-73.796629
WesternAve_Albany_USA,Western Ave,Albany,USA,42.696925,-73.853129
ClintonAve_Albany_USA,Clinton Ave,Albany,USA,42.622757,-73.820747
MadisonAve_Schenectady_USA,Madison Ave,Schenectady,USA,44.346211,-73.030001
DelawareAve_Albany_USA,Delaware Ave,Albany,USA,42.719298,-73.768214
NorthSt_Albany_USA,North St,Albany,USA,42.706881,-73.722861
JaySt_Troy_USA,Jay St,Troy,USA,42.354935,-70.587375
JaySt_Schenectady_USA,Jay St,Schenectady,USA,44.919711,-72.238846
StateSt_Albany_USA,State St,Albany,USA,42.70388,-73.801907
DelawareAve_Troy_USA,Delaware Ave,Troy,USA,44.015669,-72.301182
JaySt_Troy_USA,Jay St,Troy,USA,43.276388,-74.049325
Broadway_Troy_USA,Broadway,Troy,USA,40.479281,-71.079651
Broadway_Schenectady_USA,Broadway,Schenectady,USA,44.05353,-72.741193
HudsonAve_Albany_USA,Hudson Ave,Albany,USA,42.718157,-73.710405
StateSt_Albany_USA,State St,Albany,USA,42.75884,-73.752304
JaySt_Albany_USA,Jay St,Albany,USA,42.679078,-73.881299
JaySt_Albany_USA,Jay St,Albany,USA,42.604414,-73.78035
JaySt_Troy_USA,Jay St,Troy,USA,42.467028,-73.288689
TenBroeckSt_Albany_USA,Ten Broeck St,Albany,USA,42.676467,-73.721235
JaySt_Albany_USA,Jay St,Albany,USA,42.672804,-73.896051
ParkAve_Albany_USA,Park Ave,Albany,USA,42.731367,-73.72819
PearlSt_Albany_USA,Pearl St,Albany,USA,42.794251,-73.871921
LarkSt_Albany_USA,Lark St,Albany,USA,42.60657,-73.831715
ParkAve_Schenectady_USA,Park Ave,Schenectady,USA,41.723274,-73.203435
Broadway_Troy_USA,Broadway,Troy,USA,43.434437,-73.063722
WashingtonAve_Schenectady_USA,Washington Ave,Schenectady,USA,42.867873,-72.894201
WesternAve_Albany_USA,Western Ave,Albany,USA,42.7308,-73.817398
WashingtonAve_Albany_USA,Washington Ave,Albany,USA,42.660412,-73.845417
ParkAve_Albany_USA,Park Ave,Albany,USA,42.715825,-73.750179
WesternAve_Albany_USA,Western Ave,Albany,USA,42.611088,-73.859341
ParkAve_Albany_USA,Park Ave,Albany,USA,42.779611,-73.819008
DelawareAve_Schenectady_USA,Delaware Ave,Schenectady,USA,42.429074,-73.275195
WashingtonAve_Albany_USA,Washington Ave,Albany,USA,42.613697,-73.725054
TenBroeckSt_Schenectady_USA,Ten Broeck St,Schenectady,USA,42.257569,-71.012996
CentralAve_Albany_USA,Central Ave,Albany,USA,42.606895,-73.807871
ClintonAve_Albany_USA,Clinton Ave,Albany,USA,42.619697,-73.878687
WesternAve_Albany_USA,Western Ave,Albany,USA,42.747751,-73.752002
CentralAve_Albany_USA,Central Ave,Albany,USA,42.611542,-73.815051
HudsonAve_Albany_USA,Hudson Ave,Albany,USA,42.703669,-73.809165
SouthSt_Albany_USA,South St,Albany,USA,42.714039,-73.863041
WesternAve_Albany_USA,Western Ave,Albany,USA,42.609111,-73.758261
HudsonAve_Troy_USA,Hudson Ave,Troy,USA,44.59013,-73.435409
NorthSt_Troy_USA,North St,Troy,USA,42.222422,-74.898368
CentralAve_Albany_USA,Central Ave,Albany,USA,42.748742,-73.821312
ClintonAve_Albany_USA,Clinton Ave,Albany,USA,42.615179,-73.753356
WashingtonAve_Troy_USA,Washington Ave,Troy,USA,44.737648,-73.852928
JaySt_Albany_USA,Jay St,Albany,USA,42.659982,-73.851619
CentralAve_Albany_USA,Central Ave,Albany,USA,42.714146,-73.710686
CentralAve_Albany_USA,Central Ave,Albany,USA,42.635554,-73.799109
MadisonAve_Albany_USA,Madison Ave,Albany,USA,42.782233,-73.793533
WesternAve_Albany_USA,Western Ave,Albany,USA,42.605058,-73.798261
SouthSt_Albany_USA,South St,Albany,USA,42.796379,-73.783724
HudsonAve_Albany_USA,Hudson Ave,Albany,USA,42.660271,-73.83276
Broadway_Albany_USA,Broadway,Albany,USA,42.720453,-73.708097
PearlSt_Albany_USA,Pearl St,Albany,USA,42.653685,-73.747099
PearlSt_Schenectady_USA,Pearl St,Schenectady,USA,43.751066,-71.667005
HudsonAve_Albany_USA,Hudson Ave,Albany,USA,42.655068,-73.832198
WesternAve_Albany_USA,Western Ave,Albany,USA,42.721687,-73.815728
LarkSt_Schenectady_USA,Lark St,Schenectady,USA,42.380862,-73.922488
LarkSt_Schenectady_USA,Lark St,Schenectady,USA,41.715265,-71.18611
JaySt_Albany_USA,Jay St,Albany,USA,42.788527,-73.851939
TenBroeckSt_Schenectady_USA,Ten Broeck St,Schenectady,USA,40.437448,-74.486396
LarkSt_Albany_USA,Lark St,Albany,USA,42.727451,-73.778477
CentralAve_Albany_USA,Central Ave,Albany,USA,42.739265,-73.70041
Broadway_Troy_USA,Broadway,Troy,USA,41.986655,-70.996375
StateSt_Albany_USA,State St,Albany,USA,42.749872,-73.849595
MadisonAve_Schenectady_USA,Madison Ave,Schenectady,USA,43.537437,-73.272718
WesternAve_Schenectady_USA,Western Ave,Schenectady,USA,41.246927,-73.994734
ClintonAve_Troy_USA,Clinton Ave,Troy,USA,43.628936,-71.232276
NorthSt_Albany_USA,North St,Albany,USA,42.797989,-73.847068
SouthSt_Schenectady_USA,South St,Schenectady,USA,40.560492,-70.457761
JaySt_Troy_USA,Jay St,Troy,USA,44.07957,-72.258176
JaySt_Albany_USA,Jay St,Albany,USA,42.621401,-73.80289
WashingtonAve_Troy_USA,Washington Ave,Troy,USA,42.669461,-70.702717
ParkAve_Albany_USA,Park Ave,Albany,USA,42.733934,-73.783482
JaySt_Troy_USA,Jay St,Troy,USA,41.949825,-72.891996
PearlSt_Albany_USA,Pearl St,Albany,USA,42.655994,-73.749859
Broadway_Troy_USA,Broadway,Troy,USA,40.806595,-73.700801
PearlSt_Albany_USA,Pearl St,Albany,USA,42.751934,-73.881537
HudsonAve_Albany_USA,Hudson Ave,Albany,USA,42.664151,-73.899786
TenBroeckSt_Albany_USA,Ten Broeck St,Albany,USA,42.740059,-73.869875
JaySt_Troy_USA,Jay St,Troy,USA,43.097777,-72.061706
TenBroeckSt_Albany_USA,Ten Broeck St,Albany,USA,42.715511,-73.761304
WesternAve_Schenectady_USA,Western Ave,Schenectady,USA,41.755364,-72.638514
Broadway_Albany_USA,Broadway,Albany,USA,42.742786,-73.893801
CentralAve_Schenectady_USA,Central Ave,Schenectady,USA,41.898237,-71.366078
CentralAve_Albany_USA,Central Ave,Albany,USA,42.758106,-73.849105
LarkSt_Troy_USA,Lark St,Troy,USA,41.858362,-73.2544
PearlSt_Albany_USA,Pearl St,Albany,USA,42.744343,-73.731166
StateSt_Albany_USA,State St,Albany,USA,42.731509,-73.806349
CentralAve_Schenectady_USA,Central Ave,Schenectady,USA,40.301271,-73.207751
PearlSt_Albany_USA,Pearl St,Albany,USA,42.652087,-73.781372
ClintonAve_Troy_USA,Clinton Ave,Troy,USA,43.953882,-71.200455
JaySt_Schenectady_USA,Jay St,Schenectady,USA,43.80834,-74.886927
TenBroeckSt_Troy_USA,Ten Broeck St,Troy,USA,40.585068,-73.492891
LarkSt_Troy_USA,Lark St,Troy,USA,43.195372,-71.765823
MadisonAve_Albany_USA,Madison Ave,Albany,USA,42.793856,-73.841807
NorthSt_Albany_USA,North St,Albany,USA,42.613011,-73.868013
WesternAve_Albany_USA,Western Ave,Albany,USA,42.781319,-73.849767
Broadway_Albany_USA,Broadway,Albany,USA,42.772159,-73.775633
TenBroeckSt_Troy_USA,Ten Broeck St,Troy,USA,41.834043,-72.18534
ParkAve_Albany_USA,Park Ave,Albany,USA,42.629848,-73.848171
PearlSt_Troy_USA,Pearl St,Troy,USA,44.063452,-72.927915
ClintonAve_Troy_USA,Clinton Ave,Troy,USA,42.567266,-72.666159
WesternAve_Troy_USA,Western Ave,Troy,USA,44.410868,-71.114962
HudsonAve_Schenectady_USA,Hudson Ave,Schenectady,USA,42.911414,-71.11823
CentralAve_Albany_USA,Central Ave,Albany,USA,42.713806,-73.775496
Broadway_Troy_USA,Broadway,Troy,USA,43.447884,-74.562725
ParkAve_Albany_USA,Park Ave,Albany,USA,42.696481,-73.746559
HudsonAve_Troy_USA,Hudson Ave,Troy,USA,44.022979,-72.364645
ClintonAve_Schenectady_USA,Clinton Ave,Schenectady,USA,40.911517,-74.078768
SouthSt_Albany_USA,South St,Albany,USA,42.625082,-73.713518
CentralAve_Albany_USA,Central Ave,Albany,USA,42.621425,-73.761571
LarkSt_Troy_USA,Lark St,Troy,USA,41.56997,-70.446102
WesternAve_Troy_USA,Western Ave,Troy,USA,43.182472,-72.514716
ParkAve_Albany_USA,Park Ave,Albany,USA,42.784927,-73.788305
MadisonAve_Troy_USA,Madison Ave,Troy,USA,41.884274,-71.649535
DelawareAve_Schenectady_USA,Delaware Ave,Schenectady,USA,44.514287,-74.047047
NorthSt_Albany_USA,North St,Albany,USA,42.652447,-73.869059
TenBroeckSt_Albany_USA,Ten Broeck St,Albany,USA,42.780288,-73.743608
Broadway_Albany_USA,Broadway,Albany,USA,42.652454,-73.88811
ParkAve_Albany_USA,Park Ave,Albany,USA,42.772666,-73.737622
CentralAve_Albany_USA,Central Ave,Albany,USA,42.603578,-73.883698
Broadway_Albany_USA,Broadway,Albany,USA,42.65764,-73.821975
ClintonAve_Albany_USA,Clinton Ave,Albany,USA,42.684419,-73.798915
HudsonAve_Albany_USA,Hudson Ave,Albany,USA,42.71074,-73.700996
DelawareAve_Albany_USA,Delaware Ave,Albany,USA,42.603101,-73.879381
HudsonAve_Troy_USA,Hudson Ave,Troy,USA,44.29323,-74.208846
TenBroeckSt_Albany_USA,Ten Broeck St,Albany,USA,42.607271,-73.758143
WesternAve_Albany_USA,Western Ave,Albany,USA,42.691691,-73.714221
WesternAve_Troy_USA,Western Ave,Troy,USA,41.667293,-71.439878
StateSt_Schenectady_USA,State St,Schenectady,USA,40.696445,-71.84055
HudsonAve_Albany_USA,Hudson Ave,Albany,USA,42.755882,-73.745569
ClintonAve_Albany_USA,Clinton Ave,Albany,USA,42.767996,-73.846859
WesternAve_Schenectady_USA,Western Ave,Schenectady,USA,40.860607,-74.962484
TenBroeckSt_Albany_USA,Ten Broeck St,Albany,USA,42.78487,-73.761178
StateSt_Schenectady_USA,State St,Schenectady,USA,40.535135,-73.087126
JaySt_Albany_USA,Jay St,Albany,USA,42.798646,-73.729519
CentralAve_Schenectady_USA,Central Ave,Schenectady,USA,42.710932,-70.018797
ClintonAve_Albany_USA,Clinton Ave,Albany,USA,42.701955,-73.766268
HudsonAve_Albany_USA,Hudson Ave,Albany,USA,42.72219,-73.770879
ParkAve_Albany_USA,Park Ave,Albany,USA,42.631058,-73.842059
TenBroeckSt_Albany_USA,Ten Broeck St,Albany,USA,42.63497,-73.76307
PearlSt_Schenectady_USA,Pearl St,Schenectady,USA,41.638525,-73.546976
TenBroeckSt_Troy_USA,Ten Broeck St,Troy,USA,44.431998,-72.058934
NorthSt_Albany_USA,North St,Albany,USA,42.767809,-73.799042
ClintonAve_Schenectady_USA,Clinton Ave,Schenectady,USA,43.37363,-71.767551
CentralAve_Troy_USA,Central Ave,Troy,USA,42.663097,-70.925688
PearlSt_Schenectady_USA,Pearl St,Schenectady,USA,44.875491,-71.603906
DelawareAve_Albany_USA,Delaware Ave,Albany,USA,42.639238,-73.896259
SouthSt_Schenectady_USA,South St,Schenectady,USA,42.911207,-72.45088
Broadway_Schenectady_USA,Broadway,Schenectady,USA,44.271127,-71.477618
TenBroeckSt_Albany_USA,Ten Broeck St,Albany,USA,42.695067,-73.883202
TenBroeckSt_Albany_USA,Ten Broeck St,Albany,USA,42.622214,-73.705733
ClintonAve_Albany_USA,Clinton Ave,Albany,USA,42.619807,-73.865105
WesternAve_Schenectady_USA,Western Ave,Schenectady,USA,42.034512,-74.212181
TenBroeckSt_Albany_USA,Ten Broeck St,Albany,USA,42.654886,-73.726463
PearlSt_Troy_USA,Pearl St,Troy,USA,44.160392,-71.863264
WesternAve_Albany_USA,Western Ave,Albany,USA,42.61064,-73.742691
CentralAve_Troy_USA,Central Ave,Troy,USA,43.270072,-72.83639
JaySt_Troy_USA,Jay St,Troy,USA,42.878712,-70.010539
Broadway_Albany_USA,Broadway,Albany,USA,42.762907,-73.730995
StateSt_Albany_USA,State St,Albany,USA,42.608244,-73.787404
DelawareAve_Troy_USA,Delaware Ave,Troy,USA,40.0181,-70.386865
WesternAve_Schenectady_USA,Western Ave,Schenectady,USA,43.283783,-70.953635
JaySt_Troy_USA,Jay St,Troy,USA,44.847106,-73.759511
DelawareAve_Schenectady_USA,Delaware Ave,Schenectady,USA,42.600932,-73.593908
JaySt_Schenectady_USA,Jay St,Schenectady,USA,44.656706,-73.131277
SouthSt_Schenectady_USA,South St,Schenectady,USA,40.611268,-72.554153
MadisonAve_Albany_USA,Madison Ave,Albany,USA,42.771471,-73.839155
TenBroeckSt_Albany_USA,Ten Broeck St,Albany,USA,42.777295,-73.823104
SouthSt_Schenectady_USA,South St,Schenectady,USA,41.34321,-70.3047
ParkAve_Albany_USA,Park Ave,Albany,USA,42.74369,-73.786042
CentralAve_Schenectady_USA,Central Ave,Schenectady,USA,40.189039,-71.069897
DelawareAve_Albany_USA,Delaware Ave,Albany,USA,42.602282,-73.85761
HudsonAve_Troy_USA,Hudson Ave,Troy,USA,43.55684,-70.285278
PearlSt_Schenectady_USA,Pearl St,Schenectady,USA,43.74649,-71.759798
TenBroeckSt_Albany_USA,Ten Broeck St,Albany,USA,42.607213,-73.831899
WashingtonAve_Schenectady_USA,Washington Ave,Schenectady,USA,41.026994,-74.679541
Broadway_Troy_USA,Broadway,Troy,USA,41.325275,-70.04775
DelawareAve_Troy_USA,Delaware Ave,Troy,USA,40.351919,-71.444882
NorthSt_Troy_USA,North St,Troy,USA,41.52724,-72.247792
DelawareAve_Troy_USA,Delaware Ave,Troy,USA,41.632521,-74.085356
LarkSt_Troy_USA,Lark St,Troy,USA,40.045879,-73.129908
WashingtonAve_Albany_USA,Washington Ave,Albany,USA,42.754168,-73.870524
SouthSt_Troy_USA,South St,Troy,USA,42.991743,-70.061551
ClintonAve_Albany_USA,Clinton Ave,Albany,USA,42.727689,-73.884971
PearlSt_Albany_USA,Pearl St,Albany,USA,42.750377,-73.753051
ClintonAve_Albany_USA,Clinton Ave,Albany,USA,42.745259,-73.890682
ClintonAve_Albany_USA,Clinton Ave,Albany,USA,42.780263,-73.740477
MadisonAve_Schenectady_USA,Madison Ave,Schenectady,USA,43.383232,-72.169456
MadisonAve_Albany_USA,Madison Ave,Albany,USA,42.619144,-73.700246
DelawareAve_Albany_USA,Delaware Ave,Albany,USA,42.674087,-73.8091
LarkSt_Albany_USA,Lark St,Albany,USA,42.745468,-73.875064
WesternAve_Schenectady_USA,Western Ave,Schenectady,USA,42.063555,-70.453003
DelawareAve_Albany_USA,Delaware Ave,Albany,USA,42.74801,-73.859235
JaySt_Albany_USA,Jay St,Albany,USA,42.633835,-73.879703
WesternAve_Troy_USA,Western Ave,Troy,USA,40.284672,-72.571417
DelawareAve_Albany_USA,Delaware Ave,Albany,USA,42.667486,-73.891164
WashingtonAve_Troy_USA,Washington Ave,Troy,USA,40.532634,-71.735712
PearlSt_Albany_USA,Pearl St,Albany,USA,42.721728,-73.887046
WashingtonAve_Schenectady_USA,Washington Ave,Schenectady,USA,42.757359,-70.432754
LarkSt_Albany_USA,Lark St,Albany,USA,42.611149,-73.89727
WashingtonAve_Albany_USA,Washington Ave,Albany,USA,42.79589,-73.768331
CentralAve_Albany_USA,Central Ave,Albany,USA,42.692864,-73.802918
SouthSt_Albany_USA,South St,Albany,USA,42.741163,-73.814811
WashingtonAve_Albany_USA,Washington Ave,Albany,USA,42.690884,-73.84674
ClintonAve_Albany_USA,Clinton Ave,Albany,USA,42.718526,-73.89576
HudsonAve_Albany_USA,Hudson Ave,Albany,USA,42.647778,-73.849725
CentralAve_Troy_USA,Central Ave,Troy,USA,40.204398,-72.448226
Broadway_Troy_USA,Broadway,Troy,USA,41.789817,-71.086479
SouthSt_Albany_USA,South St,Albany,USA,42.68083,-73.789332
TenBroeckSt_Troy_USA,Ten Broeck St,Troy,USA,42.52851,-70.021468
StateSt_Albany_USA,State St,Albany,USA,42.629407,-73.897923
PearlSt_Albany_USA,Pearl St,Albany,USA,42.676362,-73.709153
JaySt_Troy_USA,Jay St,Troy,USA,40.146258,-71.494952
StateSt_Troy_USA,State St,Troy,USA,42.086607,-74.123967
Broadway_Albany_USA,Broadway,Albany,USA,42.758817,-73.881351
WashingtonAve_Schenectady_USA,Washington Ave,Schenectady,USA,42.123306,-74.817455
PearlSt_Albany_USA,Pearl St,Albany,USA,42.677025,-73.851755
NorthSt_Albany_USA,North St,Albany,USA,42.610469,-73.836886
LarkSt_Albany_USA,Lark St,Albany,USA,42.62844,-73.857908
WesternAve_Albany_USA,Western Ave,Albany,USA,42.742246,-73.779964
TenBroeckSt_Albany_USA,Ten Broeck St,Albany,USA,42.719215,-73.835112
ParkAve_Albany_USA,Park Ave,Albany,USA,42.670453,-73.717749
SouthSt_Schenectady_USA,South St,Schenectady,USA,44.186353,-72.874299
LarkSt_Troy_USA,Lark St,Troy,USA,44.572289,-72.218982
HudsonAve_Albany_USA,Hudson Ave,Albany,USA,42.719911,-73.783158
MadisonAve_Albany_USA,Madison Ave,Albany,USA,42.72883,-73.895256
HudsonAve_Troy_USA,Hudson Ave,Troy,USA,44.750901,-74.581307
WashingtonAve_Schenectady_USA,Washington Ave,Schenectady,USA,41.830754,-74.385418
NorthSt_Albany_USA,North St,Albany,USA,42.73751,-73.747047
CentralAve_Albany_USA,Central Ave,Albany,USA,42.690211,-73.801473
LarkSt_Troy_USA,Lark St,Troy,USA,44.838637,-74.616514
JaySt_Albany_USA,Jay St,Albany,USA,42.691128,-73.706329
DelawareAve_Albany_USA,Delaware Ave,Albany,USA,42.672188,-73.880305
LarkSt_Troy_USA,Lark St,Troy,USA,41.664778,-72.751889
StateSt_Albany_USA,State St,Albany,USA,42.63949,-73.792933
ParkAve_Albany_USA,Park Ave,Albany,USA,42.677743,-73.717433
PearlSt_Albany_USA,Pearl St,Albany,USA,42.665792,-73.766587
ClintonAve_Albany_USA,Clinton Ave,Albany,USA,42.692866,-73.728492
SouthSt_Albany_USA,South St,Albany,USA,42.78356,-73.876491
HudsonAve_Schenectady_USA,Hudson Ave,Schenectady,USA,43.890557,-70.533698
MadisonAve_Albany_USA,Madison Ave,Albany,USA,42.656942,-73.807381
NorthSt_Albany_USA,North St,Albany,USA,42.744432,-73.814977
SouthSt_Albany_USA,South St,Albany,USA,42.64417,-73.728649
TenBroeckSt_Schenectady_USA,Ten Broeck St,Schenectady,USA,43.425605,-72.022252
ParkAve_Albany_USA,Park Ave,Albany,USA,42.79308,-73.851696
SouthSt_Schenectady_USA,South St,Schenectady,USA,43.493498,-70.810778
HudsonAve_Schenectady_USA,Hudson Ave,Schenectady,USA,43.612772,-71.922303
TenBroeckSt_Albany_USA,Ten Broeck St,Albany,USA,42.608116,-73.873847
NorthSt_Troy_USA,North St,Troy,USA,41.635725,-70.512071
MadisonAve_Albany_USA,Madison Ave,Albany,USA,42.75904,-73.754836
SouthSt_Schenectady_USA,South St,Schenectady,USA,40.569338,-71.969782
SouthSt_Troy_USA,South St,Troy,USA,42.540863,-71.405452
CentralAve_Troy_USA,Central Ave,Troy,USA,40.421847,-70.084124
NorthSt_Albany_USA,North St,Albany,USA,42.68905,-73.714294
TenBroeckSt_Albany_USA,Ten Broeck St,Albany,USA,42.785572,-73.894087
WesternAve_Albany_USA,Western Ave,Albany,USA,42.799015,-73.710867
HudsonAve_Troy_USA,Hudson Ave,Troy,USA,43.110371,-70.598641
SouthSt_Troy_USA,South St,Troy,USA,42.828509,-71.003113
JaySt_Albany_USA,Jay St,Albany,USA,42.626456,-73.878651
HudsonAve_Albany_USA,Hudson Ave,Albany,USA,42.695548,-73.793919
HudsonAve_Albany_USA,Hudson Ave,Albany,USA,42.708596,-73.77058
SouthSt_Albany_USA,South St,Albany,USA,42.775738,-73.780054
ParkAve_Albany_USA,Park Ave,Albany,USA,42.723624,-73.861811
JaySt_Troy_USA,Jay St,Troy,USA,44.632377,-73.078748
StateSt_Albany_USA,State St,Albany,USA,42.66099,-73.793972
Broadway_Albany_USA,Broadway,Albany,USA,42.73529,-73.711144
DelawareAve_Albany_USA,Delaware Ave,Albany,USA,42.726108,-73.723101
DelawareAve_Albany_USA,Delaware Ave,Albany,USA,42.674079,-73.867731
ClintonAve_Albany_USA,Clinton Ave,Albany,USA,42.606924,-73.800325
NorthSt_Albany_USA,North St,Albany,USA,42.675688,-73.78321
SouthSt_Albany_USA,South St,Albany,USA,42.73051,-73.854631
Broadway_Albany_USA,Broadway,Albany,USA,42.765694,-73.888448
PearlSt_Albany_USA,Pearl St,Albany,USA,42.623886,-73.729237
ClintonAve_Troy_USA,Clinton Ave,Troy,USA,41.076548,-72.073833
MadisonAve_Albany_USA,Madison Ave,Albany,USA,42.682506,-73.881923
WashingtonAve_Schenectady_USA,Washington Ave,Schenectady,USA,40.895627,-74.536922
ClintonAve_Troy_USA,Clinton Ave,Troy,USA,44.909503,-71.719291
DelawareAve_Troy_USA,Delaware Ave,Troy,USA,40.422075,-73.693667
ParkAve_Albany_USA,Park Ave,Albany,USA,42.66532,-73.790267
JaySt_Albany_USA,Jay St,Albany,USA,42.662411,-73.818746
StateSt_Albany_USA,State St,Albany,USA,42.671151,-73.861767
Broadway_Albany_USA,Broadway,Albany,USA,42.752471,-73.824538
PearlSt_Albany_USA,Pearl St,Albany,USA,42.702336,-73.862309
NorthSt_Troy_USA,North St,Troy,USA,44.156718,-70.049351
Broadway_Albany_USA,Broadway,Albany,USA,42.793763,-73.821589
Broadway_Troy_USA,Broadway,Troy,USA,42.530162,-72.748856
StateSt_Albany_USA,State St,Albany,USA,42.666638,-73.743796
HudsonAve_Albany_USA,Hudson Ave,Albany,USA,42.720285,-73.893762
WashingtonAve_Albany_USA,Washington Ave,Albany,USA,42.654841,-73.863884
HudsonAve_Albany_USA,Hudson Ave,Albany,USA,42.693875,-73.736057
StateSt_Troy_USA,State St,Troy,USA,43.381285,-74.087902
MadisonAve_Albany_USA,Madison Ave,Albany,USA,42.789451,-73.767975
StateSt_Troy_USA,State St,Troy,USA,40.459568,-70.041071
CentralAve_Albany_USA,Central Ave,Albany,USA,42.764829,-73.738745
WashingtonAve_Troy_USA,Washington Ave,Troy,USA,44.060086,-74.277203
DelawareAve_Troy_USA,Delaware Ave,Troy,USA,42.427249,-72.528343
PearlSt_Schenectady_USA,Pearl St,Schenectady,USA,42.933242,-70.632148
CentralAve_Albany_USA,Central Ave,Albany,USA,42.677681,-73.828021
CentralAve_Albany_USA,Central Ave,Albany,USA,42.780232,-73.806306
JaySt_Troy_USA,Jay St,Troy,USA,44.331199,-74.574449
PearlSt_Schenectady_USA,Pearl St,Schenectady,USA,41.562885,-71.455062
DelawareAve_Troy_USA,Delaware Ave,Troy,USA,40.303121,-73.237042
StateSt_Albany_USA,State St,Albany,USA,42.758906,-73.831384
NorthSt_Albany_USA,North St,Albany,USA,42.787226,-73.782174
JaySt_Schenectady_USA,Jay St,Schenectady,USA,42.029016,-73.571502
LarkSt_Albany_USA,Lark St,Albany,USA,42.610853,-73.765713
SouthSt_Albany_USA,South St,Albany,USA,42.615367,-73.71735
ParkAve_Troy_USA,Park Ave,Troy,USA,41.086607,-70.163773
WashingtonAve_Albany_USA,Washington Ave,Albany,USA,42.626832,-73.809522
Broadway_Albany_USA,Broadway,Albany,USA,42.726928,-73.71445
Broadway_Albany_USA,Broadway,Albany,USA,42.643156,-73.72775
PearlSt_Troy_USA,Pearl St,Troy,USA,42.127685,-74.286711
WashingtonAve_Albany_USA,Washington Ave,Albany,USA,42.791803,-73.706242
Broadway_Troy_USA,Broadway,Troy,USA,42.583566,-74.471829
WashingtonAve_Albany_USA,Washington Ave,Albany,USA,42.71144,-73.848638
WashingtonAve_Albany_USA,Washington Ave,Albany,USA,42.726655,-73.822084
JaySt_Albany_USA,Jay St,Albany,USA,42.754077,-73.840864
MadisonAve_Troy_USA,Madison Ave,Troy,USA,44.149049,-72.014144
WesternAve_Schenectady_USA,Western Ave,Schenectady,USA,44.123072,-72.302719
WesternAve_Albany_USA,Western Ave,Albany,USA,42.650476,-73.861683
JaySt_Albany_USA,Jay St,Albany,USA,42.666779,-73.754426
Broadway_Albany_USA,Broadway,Albany,USA,42.798121,-73.770378
HudsonAve_Troy_USA,Hudson Ave,Troy,USA,42.641846,-70.498379
CentralAve_Albany_USA,Central Ave,Albany,USA,42.654092,-73.778559
HudsonAve_Troy_USA,Hudson Ave,Troy,USA,40.846764,-71.560624
PearlSt_Albany_USA,Pearl St,Albany,USA,42.704254,-73.72668
Broadway_Albany_USA,Broadway,Albany,USA,42.767776,-73.796128
DelawareAve_Albany_USA,Delaware Ave,Albany,USA,42.755438,-73.791232
MadisonAve_Albany_USA,Madison Ave,Albany,USA,42.703827,-73.72526
DelawareAve_Albany_USA,Delaware Ave,Albany,USA,42.739011,-73.794972
WashingtonAve_Albany_USA,Washington Ave,Albany,USA,42.66874,-73.756458
MadisonAve_Albany_USA,Madison Ave,Albany,USA,42.603547,-73.848228
MadisonAve_Troy_USA,Madison Ave,Troy,USA,43.656452,-70.884855
NorthSt_Troy_USA,North St,Troy,USA,43.486207,-72.135408
ParkAve_Albany_USA,Park Ave,Albany,USA,42.64922,-73.786539
CentralAve_Schenectady_USA,Central Ave,Schenectady,USA,41.359396,-70.506635
ParkAve_Schenectady_USA,Park Ave,Schenectady,USA,44.292281,-73.803362
ParkAve_Schenectady_USA,Park Ave,Schenectady,USA,44.161201,-73.330425
LarkSt_Albany_USA,Lark St,Albany,USA,42.6334,-73.862879
LarkSt_Schenectady_USA,Lark St,Schenectady,USA,44.87814,-70.548169
Broadway_Albany_USA,Broadway,Albany,USA,42.625352,-73.89877
HudsonAve_Schenectady_USA,Hudson Ave,Schenectady,USA,40.446248,-71.915324
LarkSt_Albany_USA,Lark St,Albany,USA,42.681848,-73.735341
ClintonAve_Albany_USA,Clinton Ave,Albany,USA,42.691193,-73.835
PearlSt_Schenectady_USA,Pearl St,Schenectady,USA,43.373987,-71.866577
ParkAve_Albany_USA,Park Ave,Albany,USA,42.616885,-73.704532
PearlSt_Albany_USA,Pearl St,Albany,USA,42.792568,-73.818923
NorthSt_Albany_USA,North St,Albany,USA,42.738373,-73.818077
MadisonAve_Albany_USA,Madison Ave,Albany,USA,42.692358,-73.790306
WesternAve_Schenectady_USA,Western Ave,Schenectady,USA,41.017485,-71.545123
CentralAve_Albany_USA,Central Ave,Albany,USA,42.608239,-73.747609
LarkSt_Schenectady_USA,Lark St,Schenectady,USA,40.818094,-73.546813
CentralAve_Albany_USA,Central Ave,Albany,USA,42.612606,-73.868352
JaySt_Troy_USA,Jay St,Troy,USA,41.820468,-71.106473
StateSt_Schenectady_USA,State St,Schenectady,USA,43.739214,-73.002959
ClintonAve_Albany_USA,Clinton Ave,Albany,USA,42.75689,-73.7171
StateSt_Troy_USA,State St,Troy,USA,40.254407,-70.745998
StateSt_Albany_USA,State St,Albany,USA,42.675015,-73.86485
Broadway_Albany_USA,Broadway,Albany,USA,42.746042,-73.785675
MadisonAve_Albany_USA,Madison Ave,Albany,USA,42.611866,-73.717027
JaySt_Albany_USA,Jay St,Albany,USA,42.666866,-73.795175
SouthSt_Schenectady_USA,South St,Schenectady,USA,40.122158,-72.348032
StateSt_Albany_USA,State St,Albany,USA,42.681319,-73.822745
MadisonAve_Albany_USA,Madison Ave,Albany,USA,42.623438,-73.764059
StateSt_Schenectady_USA,State St,Schenectady,USA,44.323072,-71.198734
PearlSt_Troy_USA,Pearl St,Troy,USA,44.821215,-71.549445
SouthSt_Albany_USA,South St,Albany,USA,42.692685,-73.723758
CentralAve_Albany_USA,Central Ave,Albany,USA,42.628343,-73.761053
DelawareAve_Albany_USA,Delaware Ave,Albany,USA,42.669005,-73.847833
PearlSt_Albany_USA,Pearl St,Albany,USA,42.791412,-73.745102
WashingtonAve_Troy_USA,Washington Ave,Troy,USA,43.957802,-70.7402
HudsonAve_Albany_USA,Hudson Ave,Albany,USA,42.719897,-73.851237
MadisonAve_Albany_USA,Madison Ave,Albany,USA,42.738868,-73.84231
NorthSt_Schenectady_USA,North St,Schenectady,USA,41.156517,-70.909007
SouthSt_Schenectady_USA,South St,Schenectady,USA,44.942898,-71.280676
ParkAve_Albany_USA,Park Ave,Albany,USA,42.725031,-73.749338
Broadway_Troy_USA,Broadway,Troy,USA,44.050683,-72.222168
TenBroeckSt_Albany_USA,Ten Broeck St,Albany,USA,42.630328,-73.749647
CentralAve_Schenectady_USA,Central Ave,Schenectady,USA,41.5461,-70.468006
LarkSt_Albany_USA,Lark St,Albany,USA,42.717828,-73.73673
CentralAve_Albany_USA,Central Ave,Albany,USA,42.743985,-73.733954
WashingtonAve_Schenectady_USA,Washington Ave,Schenectady,USA,44.184035,-73.738514
ParkAve_Schenectady_USA,Park Ave,Schenectady,USA,40.178689,-72.982955
NorthSt_Albany_USA,North St,Albany,USA,42.720461,-73.747154
Broadway_Albany_USA,Broadway,Albany,USA,42.646186,-73.837425
CentralAve_Albany_USA,Central Ave,Albany,USA,42.795285,-73.890762
StateSt_Albany_USA,State St,Albany,USA,42.775353,-73.891042
ClintonAve_Albany_USA,Clinton Ave,Albany,USA,42.62707,-73.792604
NorthSt_Schenectady_USA,North St,Schenectady,USA,40.746417,-71.339262
LarkSt_Albany_USA,Lark St,Albany,USA,42.791613,-73.706761
PearlSt_Albany_USA,Pearl St,Albany,USA,42.67818,-73.726835
WesternAve_Albany_USA,Western Ave,Albany,USA,42.726149,-73.700234
DelawareAve_Albany_USA,Delaware Ave,Albany,USA,42.739818,-73.704813
DelawareAve_Troy_USA,Delaware Ave,Troy,USA,41.333611,-73.668607
DelawareAve_Troy_USA,Delaware Ave,Troy,USA,44.992912,-73.856099
WesternAve_Schenectady_USA,Western Ave,Schenectady,USA,41.219256,-73.078149
TenBroeckSt_Albany_USA,Ten Broeck St,Albany,USA,42.619644,-73.892211
HudsonAve_Schenectady_USA,Hudson Ave,Schenectady,USA,44.59429,-73.22888
DelawareAve_Schenectady_USA,Delaware Ave,Schenectady,USA,42.968965,-72.133262
LarkSt_Schenectady_USA,Lark St,Schenectady,USA,41.082714,-70.154564
WesternAve_Troy_USA,Western Ave,Troy,USA,40.569303,-70.891172
LarkSt_Albany_USA,Lark St,Albany,USA,42.790239,-73.775548
JaySt_Albany_USA,Jay St,Albany,USA,42.637138,-73.842874
DelawareAve_Albany_USA,Delaware Ave,Albany,USA,42.761418,-73.798662
Broadway_Troy_USA,Broadway,Troy,USA,44.744432,-73.141876
HudsonAve_Albany_USA,Hudson Ave,Albany,USA,42.650932,-73.846263
ParkAve_Albany_USA,Park Ave,Albany,USA,42.788448,-73.814982
TenBroeckSt_Albany_USA,Ten Broeck St,Albany,USA,42.697713,-73.733323
DelawareAve_Albany_USA,Delaware Ave,Albany,USA,42.748512,-73.756428
MadisonAve_Schenectady_USA,Madison Ave,Schenectady,USA,42.704779,-71.893776
CentralAve_Albany_USA,Central Ave,Albany,USA,42.629168,-73.871185
CentralAve_Albany_USA,Central Ave,Albany,USA,42.779438,-73.794521
WesternAve_Albany_USA,Western Ave,Albany,USA,42.71862,-73.737267
NorthSt_Albany_USA,North St,Albany,USA,42.649594,-73.76657
SouthSt_Schenectady_USA,South St,Schenectady,USA,44.203036,-73.852004
NorthSt_Troy_USA,North St,Troy,USA,43.805878,-71.65828
ClintonAve_Schenectady_USA,Clinton Ave,Schenectady,USA,43.670942,-73.230162
CentralAve_Schenectady_USA,Central Ave,Schenectady,USA,44.329765,-74.581695
DelawareAve_Troy_USA,Delaware Ave,Troy,USA,42.998111,-72.338297
StateSt_Albany_USA,State St,Albany,USA,42.689429,-73.747802
CentralAve_Albany_USA,Central Ave,Albany,USA,42.658817,-73.822372
StateSt_Albany_USA,State St,Albany,USA,42.66835,-73.778202
PearlSt_Albany_USA,Pearl St,Albany,USA,42.743459,-73.717519
WashingtonAve_Schenectady_USA,Washington Ave,Schenectady,USA,42.517049,-74.902588
Broadway_Troy_USA,Broadway,Troy,USA,44.256155,-74.09439
PearlSt_Troy_USA,Pearl St,Troy,USA,40.36769,-73.554495
Broadway_Troy_USA,Broadway,Troy,USA,43.634892,-74.284923
DelawareAve_Troy_USA,Delaware Ave,Troy,USA,40.854946,-72.731577
WesternAve_Albany_USA,Western Ave,Albany,USA,42.676513,-73.8416
StateSt_Albany_USA,State St,Albany,USA,42.600721,-73.752124
SouthSt_Schenectady_USA,South St,Schenectady,USA,42.050535,-71.225718
WesternAve_Schenectady_USA,Western Ave,Schenectady,USA,44.912637,-74.775021
HudsonAve_Albany_USA,Hudson Ave,Albany,USA,42.620091,-73.827231
ClintonAve_Albany_USA,Clinton Ave,Albany,USA,42.721818,-73.724362
PearlSt_Albany_USA,Pearl St,Albany,USA,42.70537,-73.708095
StateSt_Albany_USA,State St,Albany,USA,42.744128,-73.851626
WashingtonAve_Albany_USA,Washington Ave,Albany,USA,42.66097,-73.832353
MadisonAve_Troy_USA,Madison Ave,Troy,USA,44.310408,-74.583433
LarkSt_Albany_USA,Lark St,Albany,USA,42.796168,-73.850584
LarkSt_Troy_USA,Lark St,Troy,USA,44.46767,-73.344891
TenBroeckSt_Schenectady_USA,Ten Broeck St,Schenectady,USA,43.831582,-71.522251
Broadway_Albany_USA,Broadway,Albany,USA,42.619828,-73.723131
Broadway_Albany_USA,Broadway,Albany,USA,42.74964,-73.87217
LarkSt_Albany_USA,Lark St,Albany,USA,42.642745,-73.777514
SouthSt_Albany_USA,South St,Albany,USA,42.684602,-73.885936
Broadway_Troy_USA,Broadway,Troy,USA,40.812505,-73.168034
StateSt_Albany_USA,State St,Albany,USA,42.681079,-73.832089
MadisonAve_Albany_USA,Madison Ave,Albany,USA,42.665751,-73.899246
HudsonAve_Albany_USA,Hudson Ave,Albany,USA,42.78305,-73.707573
SouthSt_Albany_USA,South St,Albany,USA,42.676577,-73.873328
HudsonAve_Albany_USA,Hudson Ave,Albany,USA,42.61669,-73.759382
StateSt_Albany_USA,State St,Albany,USA,42.67102,-73.713021
HudsonAve_Schenectady_USA,Hudson Ave,Schenectady,USA,41.380893,-74.734791
ClintonAve_Albany_USA,Clinton Ave,Albany,USA,42.749201,-73.74466
ClintonAve_Albany_USA,Clinton Ave,Albany,USA,42.751362,-73.75544
HudsonAve_Albany_USA,Hudson Ave,Albany,USA,42.69469,-73.784334
NorthSt_Albany_USA,North St,Albany,USA,42.693508,-73.762619
TenBroeckSt_Albany_USA,Ten Broeck St,Albany,USA,42.682036,-73.861257
JaySt_Schenectady_USA,Jay St,Schenectady,USA,41.633701,-73.944365
NorthSt_Albany_USA,North St,Albany,USA,42.66813,-73.799305
NorthSt_Albany_USA,North St,Albany,USA,42.601036,-73.726119
WesternAve_Schenectady_USA,Western Ave,Schenectady,USA,43.690323,-73.106721
NorthSt_Albany_USA,North St,Albany,USA,42.645256,-73.822975
WesternAve_Troy_USA,Western Ave,Troy,USA,42.220055,-72.361102
PearlSt_Schenectady_USA,Pearl St,Schenectady,USA,42.1368,-71.200382
NorthSt_Troy_USA,North St,Troy,USA,42.212772,-70.754161
ParkAve_Schenectady_USA,Park Ave,Schenectady,USA,44.120023,-74.632008
LarkSt_Albany_USA,Lark St,Albany,USA,42.737261,-73.795315
WashingtonAve_Schenectady_USA,Washington Ave,Schenectady,USA,43.302473,-72.422533
HudsonAve_Albany_USA,Hudson Ave,Albany,USA,42.739295,-73.842571
JaySt_Albany_USA,Jay St,Albany,USA,42.743589,-73.844589
ClintonAve_Albany_USA,Clinton Ave,Albany,USA,42.76728,-73.883313
WashingtonAve_Albany_USA,Washington Ave,Albany,USA,42.723772,-73.8237
MadisonAve_Troy_USA,Madison Ave,Troy,USA,42.666171,-72.532987
SouthSt_Troy_USA,South St,Troy,USA,42.926925,-70.875017
TenBroeckSt_Albany_USA,Ten Broeck St,Albany,USA,42.697693,-73.853379
LarkSt_Albany_USA,Lark St,Albany,USA,42.724489,-73.840321
HudsonAve_Albany_USA,Hudson Ave,Albany,USA,42.761541,-73.834775
PearlSt_Albany_USA,Pearl St,Albany,USA,42.640914,-73.71973
WesternAve_Albany_USA,Western Ave,Albany,USA,42.776078,-73.807895
SouthSt_Troy_USA,South St,Troy,USA,41.151073,-72.57767
Broadway_Troy_USA,Broadway,Troy,USA,42.473428,-74.177632
TenBroeckSt_Albany_USA,Ten Broeck St,Albany,USA,42.724461,-73.79127
WashingtonAve_Albany_USA,Washington Ave,Albany,USA,42.603626,-73.89436
TenBroeckSt_Troy_USA,Ten Broeck St,Troy,USA,44.271674,-71.513066
PearlSt_Schenectady_USA,Pearl St,Schenectady,USA,40.23335,-73.290455
StateSt_Troy_USA,State St,Troy,USA,44.06222,-74.483922
SouthSt_Albany_USA,South St,Albany,USA,42.657445,-73.718465
ClintonAve_Albany_USA,Clinton Ave,Albany,USA,42.786912,-73.738596
TenBroeckSt_Troy_USA,Ten Broeck St,Troy,USA,43.726838,-74.445461
CentralAve_Albany_USA,Central Ave,Albany,USA,42.743953,-73.707285
WesternAve_Albany_USA,Western Ave,Albany,USA,42.781643,-73.842378
PearlSt_Schenectady_USA,Pearl St,Schenectady,USA,43.166365,-71.323414
CentralAve_Troy_USA,Central Ave,Troy,USA,44.709995,-73.687832
ClintonAve_Albany_USA,Clinton Ave,Albany,USA,42.685835,-73.8943
JaySt_Albany_USA,Jay St,Albany,USA,42.716704,-73.742924
JaySt_Troy_USA,Jay St,Troy,USA,43.399973,-71.454883
LarkSt_Albany_USA,Lark St,Albany,USA,42.767707,-73.812543
HudsonAve_Troy_USA,Hudson Ave,Troy,USA,42.937997,-72.707439
NorthSt_Albany_USA,North St,Albany,USA,42.601553,-73.737994
WesternAve_Albany_USA,Western Ave,Albany,USA,42.765752,-73.866446
StateSt_Albany_USA,State St,Albany,USA,42.700677,-73.891478
LarkSt_Schenectady_USA,Lark St,Schenectady,USA,44.912772,-74.185475
StateSt_Albany_USA,State St,Albany,USA,42.656196,-73.890766
ParkAve_Albany_USA,Park Ave,Albany,USA,42.708139,-73.806894
LarkSt_Schenectady_USA,Lark St,Schenectady,USA,43.501553,-72.900029
WashingtonAve_Albany_USA,Washington Ave,Albany,USA,42.602225,-73.867126
JaySt_Troy_USA,Jay St,Troy,USA,41.797339,-72.519678
ClintonAve_Albany_USA,Clinton Ave,Albany,USA,42.646803,-73.834095
LarkSt_Schenectady_USA,Lark St,Schenectady,USA,42.416524,-74.962392
LarkSt_Troy_USA,Lark St,Troy,USA,42.984233,-70.886862
ParkAve_Albany_USA,Park Ave,Albany,USA,42.706164,-73.887553
Broadway_Troy_USA,Broadway,Troy,USA,40.996815,-74.241562
HudsonAve_Troy_USA,Hudson Ave,Troy,USA,40.353782,-70.316688
SouthSt_Albany_USA,South St,Albany,USA,42.648282,-73.810628
DelawareAve_Schenectady_USA,Delaware Ave,Schenectady,USA,41.138567,-74.818332
TenBroeckSt_Albany_USA,Ten Broeck St,Albany,USA,42.616283,-73.833724
Broadway_Schenectady_USA,Broadway,Schenectady,USA,44.384659,-72.617736
PearlSt_Albany_USA,Pearl St,Albany,USA,42.695751,-73.81761
PearlSt_Troy_USA,Pearl St,Troy,USA,40.688001,-70.152454
SouthSt_Albany_USA,South St,Albany,USA,42.664539,-73.770423
ParkAve_Albany_USA,Park Ave,Albany,USA,42.739603,-73.718309
StateSt_Troy_USA,State St,Troy,USA,41.729291,-72.604017
HudsonAve_Troy_USA,Hudson Ave,Troy,USA,41.719091,-73.78342
StateSt_Albany_USA,State St,Albany,USA,42.720399,-73.848885
SouthSt_Albany_USA,South St,Albany,USA,42.70668,-73.706693
LarkSt_Troy_USA,Lark St,Troy,USA,43.901973,-72.028201
TenBroeckSt_Albany_USA,Ten Broeck St,Albany,USA,42.600392,-73.707385
ClintonAve_Albany_USA,Clinton Ave,Albany,USA,42.710916,-73.873156
Broadway_Albany_USA,Broadway,Albany,USA,42.657435,-73.759261
PearlSt_Troy_USA,Pearl St,Troy,USA,40.331323,-72.83411
DelawareAve_Schenectady_USA,Delaware Ave,Schenectady,USA,43.585404,-71.998026
WashingtonAve_Troy_USA,Washington Ave,Troy,USA,40.495355,-74.992447
PearlSt_Albany_USA,Pearl St,Albany,USA,42.696769,-73.748086
ClintonAve_Troy_USA,Clinton Ave,Troy,USA,42.725854,-73.962825
JaySt_Troy_USA,Jay St,Troy,USA,42.032512,-73.218148
WesternAve_Albany_USA,Western Ave,Albany,USA,42.769296,-73.720712
StateSt_Schenectady_USA,State St,Schenectady,USA,44.800501,-73.601128
TenBroeckSt_Schenectady_USA,Ten Broeck St,Schenectady,USA,44.927961,-74.530515
CentralAve_Troy_USA,Central Ave,Troy,USA,43.446757,-70.934823
HudsonAve_Schenectady_USA,Hudson Ave,Schenectady,USA,40.888172,-72.519995
SouthSt_Albany_USA,South St,Albany,USA,42.684138,-73.804544
DelawareAve_Troy_USA,Delaware Ave,Troy,USA,43.565613,-71.611042
Broadway_Albany_USA,Broadway,Albany,USA,42.657218,-73.893481
LarkSt_Albany_USA,Lark St,Albany,USA,42.691585,-73.881392
StateSt_Schenectady_USA,State St,Schenectady,USA,44.374936,-74.654725
WesternAve_Albany_USA,Western Ave,Albany,USA,42.790391,-73.715497
Broadway_Albany_USA,Broadway,Albany,USA,42.783229,-73.882468
MadisonAve_Albany_USA,Madison Ave,Albany,USA,42.719454,-73.888931
StateSt_Schenectady_USA,State St,Schenectady,USA,40.905361,-71.102232
DelawareAve_Albany_USA,Delaware Ave,Albany,USA,42.609087,-73.887732
WesternAve_Troy_USA,Western Ave,Troy,USA,43.379249,-70.960352
LarkSt_Schenectady_USA,Lark St,Schenectady,USA,42.95148,-74.567823
ClintonAve_Albany_USA,Clinton Ave,Albany,USA,42.790549,-73.799366
HudsonAve_Albany_USA,Hudson Ave,Albany,USA,42.61688,-73.843735
MadisonAve_Albany_USA,Madison Ave,Albany,USA,42.658373,-73.768754
MadisonAve_Albany_USA,Madison Ave,Albany,USA,42.688192,-73.755171
LarkSt_Troy_USA,Lark St,Troy,USA,41.360555,-72.499399
DelawareAve_Schenectady_USA,Delaware Ave,Schenectady,USA,40.599514,-70.685723
SouthSt_Schenectady_USA,South St,Schenectady,USA,41.896691,-74.458531
ClintonAve_Albany_USA,Clinton Ave,Albany,USA,42.687464,-73.812248
Broadway_Troy_USA,Broadway,Troy,USA,43.016297,-73.888201
SouthSt_Troy_USA,South St,Troy,USA,42.659426,-71.59765
MadisonAve_Troy_USA,Madison Ave,Troy,USA,44.24838,-72.540398
HudsonAve_Schenectady_USA,Hudson Ave,Schenectady,USA,43.891557,-73.735247
JaySt_Schenectady_USA,Jay St,Schenectady,USA,40.539925,-73.042274
WesternAve_Albany_USA,Western Ave,Albany,USA,42.631977,-73.852938
LarkSt_Troy_USA,Lark St,Troy,USA,41.108871,-72.896046
DelawareAve_Albany_USA,Delaware Ave,Albany,USA,42.796395,-73.719931
SouthSt_Troy_USA,South St,Troy,USA,40.280959,-73.844365
LarkSt_Schenectady_USA,Lark St,Schenectady,USA,44.898241,-72.659696
WashingtonAve_Albany_USA,Washington Ave,Albany,USA,42.769669,-73.818891
DelawareAve_Albany_USA,Delaware Ave,Albany,USA,42.723298,-73.735222
WashingtonAve_Albany_USA,Washington Ave,Albany,USA,42.705823,-73.740105
JaySt_Schenectady_USA,Jay St,Schenectady,USA,40.094104,-72.504735
JaySt_Albany_USA,Jay St,Albany,USA,42.787723,-73.851565
PearlSt_Schenectady_USA,Pearl St,Schenectady,USA,40.396155,-72.142379
CentralAve_Schenectady_USA,Central Ave,Schenectady,USA,41.517793,-73.664513
WesternAve_Schenectady_USA,Western Ave,Schenectady,USA,44.826887,-73.714136
DelawareAve_Troy_USA,Delaware Ave,Troy,USA,40.503103,-70.081437
WesternAve_Troy_USA,Western Ave,Troy,USA,41.743077,-73.595454
WesternAve_Schenectady_USA,Western Ave,Schenectady,USA,40.742858,-72.907674
Broadway_Albany_USA,Broadway,Albany,USA,42.652153,-73.795714
WashingtonAve_Albany_USA,Washington Ave,Albany,USA,42.685957,-73.720462
SouthSt_Albany_USA,South St,Albany,USA,42.780665,-73.857789
PearlSt_Albany_USA,Pearl St,Albany,USA,42.769966,-73.748589
WashingtonAve_Albany_USA,Washington Ave,Albany,USA,42.673597,-73.835153
WashingtonAve_Albany_USA,Washington Ave,Albany,USA,42.745663,-73.820991
LarkSt_Albany_USA,Lark St,Albany,USA,42.667461,-73.761088
WesternAve_Albany_USA,Western Ave,Albany,USA,42.635651,-73.708894
ParkAve_Troy_USA,Park Ave,Troy,USA,43.050149,-70.06441
HudsonAve_Schenectady_USA,Hudson Ave,Schenectady,USA,43.926993,-71.079821
ClintonAve_Albany_USA,Clinton Ave,Albany,USA,42.708584,-73.791711
ParkAve_Troy_USA,Park Ave,Troy,USA,44.518273,-71.59043
WashingtonAve_Troy_USA,Washington Ave,Troy,USA,44.654319,-71.254624
Broadway_Albany_USA,Broadway,Albany,USA,42.794264,-73.717297
LarkSt_Albany_USA,Lark St,Albany,USA,42.71277,-73.860882
PearlSt_Albany_USA,Pearl St,Albany,USA,42.612446,-73.795872
NorthSt_Albany_USA,North St,Albany,USA,42.753713,-73.741803
DelawareAve_Schenectady_USA,Delaware Ave,Schenectady,USA,41.281676,-71.137821
MadisonAve_Schenectady_USA,Madison Ave,Schenectady,USA,42.625491,-70.050319
LarkSt_Troy_USA,Lark St,Troy,USA,41.649947,-72.788086
ParkAve_Schenectady_USA,Park Ave,Schenectady,USA,41.152698,-72.513997
JaySt_Schenectady_USA,Jay St,Schenectady,USA,44.368012,-71.707176
WashingtonAve_Schenectady_USA,Washington Ave,Schenectady,USA,41.492638,-72.927067
HudsonAve_Albany_USA,Hudson Ave,Albany,USA,42.733633,-73.887488
LarkSt_Albany_USA,Lark St,Albany,USA,42.697984,-73.828644
TenBroeckSt_Albany_USA,Ten Broeck St,Albany,USA,42.654478,-73.736377
MadisonAve_Albany_USA,Madison Ave,Albany,USA,42.751523,-73.846493
DelawareAve_Albany_USA,Delaware Ave,Albany,USA,42.780497,-73.858743
HudsonAve_Schenectady_USA,Hudson Ave,Schenectady,USA,43.679702,-70.113384
HudsonAve_Albany_USA,Hudson Ave,Albany,USA,42.705748,-73.748742
WashingtonAve_Albany_USA,Washington Ave,Albany,USA,42.66643,-73.73556
PearlSt_Schenectady_USA,Pearl St,Schenectady,USA,42.238593,-70.836607
WashingtonAve_Troy_USA,Washington Ave,Troy,USA,44.806942,-70.276039
WashingtonAve_Schenectady_USA,Washington Ave,Schenectady,USA,41.338097,-73.017203
LarkSt_Schenectady_USA,Lark St,Schenectady,USA,43.140367,-70.685945
Broadway_Troy_USA,Broadway,Troy,USA,40.725058,-72.784696
CentralAve_Albany_USA,Central Ave,Albany,USA,42.796021,-73.829173
Broadway_Albany_USA,Broadway,Albany,USA,42.715455,-73.825003
